y,x_1,x_2,x_3,x_4,x_5,x_6,x_7,x_8,x_9,x_10,x_11,x_12,x_13,x_14,x_15,x_16,x_17,x_18,x_19,x_20,x_21,x_22,x_23,x_24,x_25,x_26,x_27,x_28,x_29,x_30,x_31,x_32,x_33,x_34,x_35,x_36,x_37,x_38,x_39,x_40,x_41,x_42,x_43,x_44,x_45,x_46,x_47,x_48,x_49,x_50,x_51,x_52,x_53,x_54,x_55,x_56,x_57,x_58,x_59,x_60,x_61,x_62,x_63,x_64,x_65,x_66,x_67,x_68,x_69,x_70,x_71,x_72,x_73,x_74,x_75,x_76,x_77,x_78,x_79,x_80,x_81,x_82,x_83,x_84,x_85,x_86,x_87,x_88,x_89,x_90,x_91,x_92,x_93,x_94,x_95,C_1,C_2,C_3,C_4,C_5
-6.158895,-7.518161,5.423677,11.81036,-19.076321,-7.018273,23.841339,1.050206,3.132453,4.403462,NA,11.650628,-1.628703,7.150383,NA,-6.569049,NA,-6.326606,19.353104,-5.192543,-30.319921,-46.781284,NA,-9.329588,1.286671,-9.324659,0.021434,-6.784188,NA,0.249806,-9.426065,-13.055018,NA,-14.26905,-19.44214,0.565724,-5.360941,-3.140313,-1.293608,9.979938,-1.006195,NA,7.535949,19.956136,-21.388213,0.396458,NA,3.617977,-11.043177,20.099127,NA,-7.713454,2.72857,-11.125293,9.532392,16.504092,10.005641,NA,-1.531024,-10.607486,-4.088725,-7.815033,-10.565534,7.252523,NA,-17.21525,-6.057203,NA,NA,0.47348,8.063346,0.292972,1.210471,NA,-8.70641,-7.237798,27.858997,-9.080361,7.214529,-2.353104,-1.033498,5.749369,-21.002719,-4.235407,14.856026,-7.669709,-2.59021,-1.943897,3.011972,-31.614019,-3.990017,3.692902,12.826477,-6.889479,3.443535,5.40012,I,NA,H,J,K
-22.200026,-6.37069,7.792366,11.858663,NA,-15.42053,21.68397,1.057192,2.559764,NA,-4.286417,NA,-4.631743,5.231463,-1.770633,-14.038242,12.59199,-7.89742,13.172934,NA,-30.718193,-48.498474,9.470035,-9.570738,4.425472,NA,-3.654641,-9.615384,2.625247,-6.643344,NA,-12.282959,-5.611703,-21.810952,-15.12645,2.622056,-2.770515,NA,3.797391,8.163923,-3.714533,11.7263,10.493439,20.106878,-18.46481,-1.102169,-8.597014,NA,-15.649545,NA,13.211777,-12.189531,-1.946032,-12.540393,9.321347,21.412742,5.166925,-13.488966,-3.754423,-8.22286,-2.570999,-8.852446,-13.307839,NA,NA,-19.816518,-8.821642,-24.737182,16.988013,1.710817,1.009498,2.812879,5.553564,-13.959325,-8.378521,-7.250594,21.888248,-8.991976,1.592467,-2.04617,-0.603301,4.606239,NA,-4.95373,NA,-4.959901,-3.573072,-1.583166,NA,-28.88036,-6.55214,7.270303,10.039281,-7.678936,-0.189822,0.717526,H,NA,H,I,I
-19.357551,-4.229569,2.756115,12.446836,-17.567113,-12.984783,NA,2.484515,NA,1.852533,NA,17.486952,NA,1.930612,-1.332471,-10.048902,NA,-6.336131,17.352353,-5.083833,NA,-47.604601,8.150276,-10.117444,0.704339,-0.375152,1.239802,-10.407948,3.395998,-0.899597,-8.491648,NA,-6.843481,-21.579164,-20.428225,3.37196,-0.612664,-5.020169,4.321253,7.600015,-1.941076,10.568386,9.910989,19.451331,-20.548358,3.094631,-8.799349,4.158529,-10.336883,16.834317,15.782778,-7.930533,1.114456,-7.499732,9.04348,18.769666,5.938376,-14.512384,-0.875422,-7.542347,-3.045874,NA,-11.730947,12.776474,-8.402685,-18.539624,-7.120219,NA,12.391264,4.584661,6.881726,3.167999,NA,-10.688834,-9.661116,-8.285392,25.985637,NA,4.389893,2.915419,-0.240004,0.96302,NA,NA,14.814561,-6.450081,-4.023667,2.648645,4.067629,-32.769482000000004,-5.438118,5.889789,14.186614,-9.527944,0.400832,-2.458897,NA,I,K,J,G
28.763803,-10.487072,1.460685,9.307533,-21.306282,-19.824912,NA,-0.442587,0.743039,-0.376102,-7.535363,14.001357,-7.506995,3.158062,-5.188231,-11.417157,10.642771,-6.281967,14.266091,-6.570729,-29.637151,-53.304492,8.257131,-10.426937,-0.057279,-7.301749,0.526728,-8.864715,-5.659815,-4.260242,-10.478293,-14.303002,-11.614578,-22.283882,NA,-3.641979,-7.880841,-5.825881,NA,7.387441,-4.263991,8.171288,2.613337,17.91705,-21.928951,-3.430399,-10.071897,0.974002,-11.016901,NA,18.16487,-15.949924,-0.231139,-10.434424,NA,17.718805,5.155496,-17.999065,-6.264321,NA,-6.267898,-6.868919,-15.179679,NA,-12.875759,-23.058691,-12.208703999999999,-25.981701,12.222231,5.976293,8.107775,0.136644,2.832283,-13.990068,-7.495333,NA,24.909461,-10.152258,0.610124,-3.86182,-4.670731,-0.416059,-28.761382,NA,16.16916,-9.926282,-4.987491,3.992532,3.954274,-35.846878,-10.208559,7.024105,8.871258,-7.5144,-3.448892,-2.612379,K,H,I,I,NA
43.779898,-13.066517,4.812794,10.641948,-17.691825,NA,19.057921,1.900578,6.133609,-0.771247,NA,NA,-6.878507,3.227197,NA,-9.681328,9.842435,-6.236473,17.282489,NA,NA,-46.076722,11.685361,-11.098326,-0.250886,-7.215364,1.356957,-5.40675,-0.485979,-3.424344,-14.213219,NA,-7.077584,-19.438706,-20.516524,-2.295225,-2.590307,-3.431075,0.656794,7.556496,-2.966623,7.801001,8.131412,16.618893,-20.676296,-2.642823,-8.786525,NA,-7.37572,NA,18.152688,-11.726949,-0.002731,-10.421002,4.922581,NA,7.606067,-15.928092,0.106829,-9.125727,-7.168265,-5.061987,-17.523786,NA,-4.781986,-18.220099,-5.385989,-20.872028,NA,1.218669,4.780423,-1.316545,4.905989,-13.810133,-6.351323,-8.898965,25.686846,NA,0.774705,-2.845252,-0.126812,4.401724,-22.90894,-7.001034,11.095319,-8.243526,-4.021144,3.152862,3.366474,NA,-3.632849,8.186575,10.532577,-7.509476,NA,0.754905,H,H,K,J,J
64.446439,-12.34343,1.585807,6.144055,-19.207376,NA,18.923577,-0.671703,5.871724,0.011926,-7.344098,14.223984,-3.887798,2.6654080000000002,-3.476201,-16.142083,11.251393,NA,16.92019,-9.910208,-37.591313,-52.463803,NA,-13.606736,2.313018,-5.017948,-4.646947,-13.506759,-0.684134,-6.39131,-8.806207,-13.001201,-7.157286,-19.677208,-17.312224,-2.980935,-5.798267,-2.41823,2.840746,7.613066,-5.197614,7.465943,NA,21.892688,-21.504645,-3.624602,-11.281069,5.883876,-13.750337,19.279893,14.750045,-10.533535,-4.047902,-18.045823,12.024375,19.038109,5.449281,-16.048666,-3.599264,-6.557247,-6.204873,-9.500979,-17.801391,12.871295,-8.051381,-21.116756,NA,NA,13.813749,4.768135,3.222323,6.68347,1.569164,-7.536019,-10.551536,-9.928284,20.899052,NA,NA,-0.625605,-2.250368,3.808202,-25.847887,-4.875353,NA,-11.542532,NA,-1.578019,1.510551,NA,-4.899747,5.335232,10.717099,-5.961429,-1.918641,1.116708,J,H,NA,I,J
64.858388,-11.878412,5.171005,7.476696,-20.9724,-19.574766,19.815471,-0.108392,1.104023,-5.476758,NA,NA,NA,0.968399,-4.842004,-13.253224,NA,-12.584264,13.501076,NA,NA,-52.659283,NA,-12.525116,0.535911,-10.759076,-4.550772,-11.226612,-1.542811,-6.544612,NA,-12.985887,NA,NA,-21.321106,-5.111268,-8.726674,-4.958251,-3.04492,4.922766,NA,3.927724,NA,NA,-23.334486,-1.961309,-10.97302,0.80355,-13.956637,14.560558,15.766427,NA,-1.288605,-11.109784,4.990996,18.414128,3.529648,-20.354681,-5.052789,-8.300663,-3.334113,-5.735121,-14.831773,9.585333,-6.87135,-26.687898,-8.026967,-23.109796,12.029007,-3.440544,3.38935,-1.261754,2.726716,-13.576305,NA,NA,NA,NA,-0.587125,-5.375203,-5.042653,1.280942,-25.163109,-7.463914,11.762249,-9.919755,-8.303709,-3.511208,-0.642916,NA,-6.226604,7.331478,NA,-11.371366,-4.425823,-0.746085,K,H,K,I,G
-1.275473,-6.886923,4.77575,12.921379,-16.10257,-15.396862,24.421724,NA,1.631487,4.273658,-4.108163,15.604798,-3.840787,NA,-0.749098,-8.484258,15.048565,-1.041323,18.12823,-1.322018,-29.863919,-41.344482,NA,-11.125818,2.813683,-5.05544,0.646725,NA,-0.333808,-1.40425,-10.294816,-7.705564,-7.261109,-18.054251,-17.648855,4.248729,-2.166034,-2.029699,1.380203,10.454794,-3.79705,13.771341,7.959549,20.290908,-16.978383,NA,NA,NA,-13.112348,14.431247,18.790594,-8.986799,-0.519856,-8.299815,7.09059,19.029522,9.930205,-14.727769,NA,-5.932858,-2.549735,-5.079316,NA,13.588765,-6.311827,-20.720579,-3.521583,-17.666306,NA,2.923125,8.35599,3.22729,NA,-11.87271,-4.60901,-4.431215,26.231914,-7.505514,4.792987,-1.510447,0.610047,NA,NA,-0.960649,18.267026,-10.667548,-1.519395,3.154451,4.580693,-32.265212,-2.426063,11.3395,11.987604,-4.387851,4.351146,1.038891,H,NA,I,K,K
-14.237322,-5.641797,6.432033,12.691382,-17.376434,-15.327181,24.301918,3.409882,6.070244,5.097267,-0.423482,20.469387,0.005229,8.088363,1.576768,-7.488523,13.958698,NA,17.579804,-3.019528,NA,NA,14.647309,-7.569739,5.012751,NA,2.098616,-4.260305,3.857458,-2.449215,NA,-8.797733,-7.335459,-20.879407,NA,0.810687,-1.506135,0.675744,4.254503,8.12809,-2.887777,14.849554,10.160295,24.999262,-14.302487,1.491656,-7.392234,NA,-6.730114,18.457179,24.082216,-12.404318,NA,-6.084447,8.872006,20.658999,NA,NA,3.888317,NA,-0.735036,-5.025925,-7.214782,14.863349,-9.605451,-17.913072,-6.589297,-21.358081,18.18806,6.03061,6.854444,5.039964,NA,-8.68488,NA,-9.827262,31.081561,-5.213531,5.392909,2.036646,-0.056352,1.513634,-24.050237,1.899579,18.771463,NA,-0.497798,NA,8.88905,-27.54474,-4.16598,9.604565,16.250239,-7.430544,3.875365,2.145306,I,I,G,J,K
32.472854,NA,6.351975,NA,-18.911003,-14.434461,23.158384,5.613799,7.025376,NA,-2.449885,11.275534,-6.802314,-0.902589,-1.383723,-9.149703,17.651587,-6.264214,16.509694,-2.422381,-30.197197,NA,10.079858,-11.366424,0.210473,-7.314461,1.26795,-5.845044,0.07918,-6.265957,NA,-16.63878,-4.457628,-19.091863,-17.335031,-2.13572,-2.531676,1.276747,3.068116,11.633144,-1.765503,14.890681,6.586309,20.358275,-20.020746,-2.935111,NA,NA,-7.788655,16.063102,18.55229,-11.746505,-0.01803,-8.373947,6.931855,13.916847,5.972057,NA,-2.342252,-1.248091,-4.032366,-4.712581,-11.66566,12.66654,-9.504601,-16.479437,-6.239727,NA,NA,NA,10.103966,2.306302,NA,-14.108687,-4.666659,-6.506678,27.861125,-9.218351,NA,0.282915,-0.594049,8.9162960000000009,-23.555651,-1.889342,18.486297,-5.873398,-1.004571,6.994019,3.945343,-29.811815,NA,10.439555,7.385539,-8.639726,-5.705962,-0.66859,NA,I,H,I,J
5.624812,-9.559976,4.228774,11.553362,-17.11379,-16.569521,22.769191,0.382386,0.832485,-0.232633,-4.04177,9.95185,-7.00081,0.978783,-1.031939,-13.166488,12.344745,-7.784492,13.752794,NA,-28.380873,-48.633556,8.854916,-9.463835,-1.381741,-8.056079,1.315015,-8.956224,-1.906597,NA,NA,-14.919891,-11.974402,-22.528543,-22.198874,-2.280463,-8.728098,-4.496781,-2.432177,NA,-1.874104,9.928736,3.225961,17.481453,-19.295978,NA,-7.893051,NA,NA,13.010564,17.614062,-15.395655,-2.061474,-8.439641,4.579617,14.311881,2.572634,-15.749463,-8.31799,-11.04307,-5.216956,NA,NA,7.479819,-12.639143,-21.820073,-8.527042,-23.746827,10.443664,NA,1.803595,-3.429717,5.332706,-17.053792,NA,-4.06638,23.996395,-13.666037,NA,NA,-2.593927,1.030198,-26.686366,-1.825691,17.690312,-7.224462,NA,2.95805,4.614106,-33.610773,NA,NA,8.811241,NA,-0.003119,NA,G,H,I,G,G
-41.615816,-6.73266,NA,10.171101,-14.828047,-16.753804,19.598372,5.229196,5.411455,NA,-1.584082,22.414109,-3.579146,6.387822,NA,-6.827155,13.982311,3.349579,21.275493,-6.281971,-28.847608,-46.89165,14.150334,-5.684076,NA,-1.946664,2.014526,NA,3.419527,-0.618107,-8.762497,-4.10476,-2.409109,-18.371057,-18.51744,1.830118,-2.589954,-1.904123,6.12626,11.129625,2.022344,13.735098,8.934548,23.394944,NA,3.541639,-7.228674,NA,NA,18.685257,NA,NA,4.965092,-5.939676,9.287421,22.403579,12.350445,-11.808854,-1.334284,-2.884778,-1.447855,-6.974315,-14.901846,18.912805,-5.481772,-19.325707,-7.434836,NA,19.665688,5.932876,13.5262,0.905205,8.631676,-10.205578,-4.283823,-4.736076,NA,NA,NA,-0.38845,0.217603,2.30994,-19.571767,1.015757,16.717203,NA,-4.300504,6.757137,10.39076,-33.620972,-1.571759,9.885101,NA,-2.888637,3.433533,NA,J,H,J,J,H
97.390157,-10.258837,5.33933,10.88454,-17.835446,-14.420291,27.420615,NA,4.428075,-2.443265,NA,17.148066,-4.50722,3.647895,1.903672,-10.248666,15.022845,-7.913836,16.995483,-3.61969,-28.134371,NA,11.856659,-15.593687,-0.284885,-8.433523,1.107424,-11.688565,-3.609787,-2.531767,-9.35319,-11.130092,-8.095531,-19.571585,-20.334556,-4.908954,-4.316948,-6.729854,-1.529574,8.51382,-3.452975,11.337491,5.371713,20.900283,-21.724914,-1.303079,-9.853062,NA,-11.386888,16.885055,NA,-8.754602,-1.930114,-8.831649,5.128748,NA,6.333049,-16.993161,NA,-3.404102,-2.842204,-2.787751,-14.733572,10.860834,-5.139016,NA,-2.910778,-22.051924,16.421834,4.45991,9.242993,NA,6.701997,-8.953097,-6.931557,-6.041923,NA,-10.664499,4.464216,-2.785733,-7.109641,0.560809,-19.572454,NA,15.246533,-6.740048,NA,-0.251387,-0.620649,-35.35892,-3.982897,NA,NA,-8.187935,0.323382,NA,G,H,J,NA,K
-9.951047,-8.760254,8.524921,12.82926,-14.621509,NA,26.389798,NA,4.458873,6.75024,NA,17.145437,-0.606932,5.788584,0.281281,-7.597174,NA,-1.59837,17.317569,-5.491045,-26.495486,-47.256945,12.024399,-8.668668,4.639895,-1.839071,3.30931,-3.966614,1.917435,-0.74389,-6.773514,-9.195019,-7.145002,-19.606788,-20.661756,5.531978,-3.475282,-4.696972,NA,10.099408,NA,15.532704,12.001384,23.166113,-14.72825,1.695567,-10.238785,4.249557,-9.56718,18.537728,21.443554,-10.12759,3.953228,-8.457554,11.098796,NA,8.530382,-12.569728,3.025086,-5.62572,-3.354696,-4.763126,-8.450499,14.995476,-10.444245,-20.697726,-3.749195,-19.82218,17.920431,4.227754,9.97989,4.0266,8.233733,-8.311072,-4.094103,-4.489011,29.525922,-7.63705,3.260226,-0.616028,4.149022,2.191336,-22.418651,3.078573,20.68141,-8.370921,-3.159599,7.247878,6.864128,-32.416991,NA,9.682279,11.426503,-11.604437,2.005579,2.404139,G,NA,H,I,K
-1.273579,-4.975709,7.748454,14.715911,-12.483056,-10.618286,NA,7.811208,10.9691,5.641905,-3.986402,22.382774,-2.813888,10.811151,6.488204,NA,18.888581,-3.522362,18.08271,-1.447316,NA,-42.596984,15.552233,-5.653005,4.444824,NA,4.006494,-3.881891,1.500167,1.438435,-3.668098,-8.976873,-5.619134,NA,-16.625871,2.898224,-1.629082,NA,1.715877,NA,4.531357,12.480012,7.343243,27.382421,-15.001038,3.691983,-0.493839,6.952916,-6.958513,20.501368,NA,-5.942089,1.727682,-4.65901,9.82389,25.129349,9.178347,NA,2.508595,-6.842036,-0.926511,NA,-7.534913,14.629944,-0.913501,-17.392816,-3.119214,-18.380323,17.802897,8.407265,10.046345,6.949678,10.092281,-8.27016,-0.810232,NA,35.821935,-5.7331,11.897776,NA,-0.83384,5.427311,-18.468844,5.15601,20.653699,-0.026514,2.075183,7.447326,8.918882,-29.994052,-0.63161,9.875994,16.447495,NA,1.959041,3.615429,J,I,K,J,I
32.876266,-7.916901,8.012112,11.911307,-14.64454,-14.234772,25.796358,2.654348,6.16752,4.617014,-4.171446,18.707227,-5.323561,NA,3.701798,-6.747658,16.030186,-1.861966,15.951673,-4.157558,-25.455112,-46.625128,11.991418,-8.810515,-2.597511,-5.751148,0.823901,-8.33695,1.059023,-6.111986,NA,-10.216358,-6.264826,-18.07045,-19.837542,0.418943,-7.342434,-1.124186,1.134218,5.107019,1.227749,13.323786,9.343701,24.0916,-19.801412,0.458222,-4.215971,NA,-9.516958,18.004397,17.423192,-12.337049,1.287977,-11.457939,6.01261,18.964558,6.870907,-11.681098,-4.203933,-9.243495,-2.78355,-4.776124,-13.99723,9.800232,-4.050125,-21.830116,-6.710126,-26.068464,15.054961,3.206113,5.134891,NA,5.976135,-10.386283,-4.265709,-7.838874,NA,-13.794311,4.903696,NA,NA,2.097785,-21.003467,1.12816,15.574095,NA,NA,5.152407,6.357033,-32.959249,-6.549192,NA,11.932296,-7.325524,1.083984,-2.600647,G,H,NA,J,I
30.614683,-5.379646,3.128314,12.35356,-16.515161,-11.658055,23.737193,1.29851,3.833009,-0.371958,-2.013986,15.923765,-2.240903,4.330092,2.671988,-4.27141,NA,-3.12274,17.765084,-0.869898,-26.903401,-41.892099,15.283374,NA,1.63485,-5.337907,0.050496,-10.093988,1.609659,-4.58079,-8.95965,-5.225145,NA,-15.87382,-21.647042,3.21506,-2.800998,-2.308897,2.418524,9.977732,NA,14.156574,8.893257,NA,-16.44635,-1.3735,-6.39124,NA,-11.933156,15.638106,19.427834,NA,3.514045,-8.917307,8.965189,15.801502,10.526534,-15.066696,-0.231294,-5.993284,0.627924,NA,-10.543135,NA,-4.042867,NA,NA,-20.943929,14.653817,4.1536,6.242744,NA,8.455315,-10.361013,NA,NA,33.508386,NA,12.439799,3.644476,NA,4.572127,-18.964317,1.541618,18.074814,-6.595325,2.947981,NA,2.199882,-29.907354,-5.08593,6.33741,NA,-7.399329,1.258472,-2.448681,J,I,H,J,H
84.645141,-9.71179,5.854341,NA,-21.075537,-17.536461,21.217073,0.114606,1.216053,NA,-6.910021,14.71814,-6.68239,NA,-2.329085,-9.210751,12.41475,-6.097895,NA,-9.074748,-28.776506,NA,6.640905,-13.438673,1.116326,-10.018821,-5.247899,NA,-6.00695,-5.46365,-11.894152,-14.136456,-9.400629,-23.066435,-19.605906,NA,-6.795228,NA,NA,4.971806,-5.567472,12.066484,6.142516,18.990386,-22.544532,-4.866568,-11.116175,NA,NA,NA,15.594724,-13.529733,-3.792801,-16.514437,6.095036,20.652884,5.740477,-18.148539,-1.517709,-13.186802,-5.633408,-6.676284,NA,6.301364,-10.814617,-24.920871000000002,NA,-25.187188,15.921636,-0.961932,4.067891,0.647683,1.057795,-12.74314,-7.266117,NA,26.570695,-11.45776,3.572225,NA,-4.330354,3.663552,-21.621567,-2.854489,13.69836,-11.083504,-3.129989,-2.434917,-1.83644,NA,NA,5.169642,6.439124,NA,-2.075796,-0.990849,H,I,H,H,K
-66.341092,-7.495827,NA,10.724445,-20.929694,-17.073651,19.235905,-0.314533,2.698487,5.787138,-4.284734,15.6019,-2.258296,5.244653,NA,-7.784555,11.120988,-7.84553,15.619128,-6.380145,NA,-54.473273,11.351151,NA,-3.307905,-6.647301,-5.58169,NA,NA,NA,NA,-10.066094,-5.084971,-23.294708,-17.433673,-2.048444,NA,-1.5246170000000001,NA,4.158651,-0.697444,12.30933,11.628802,24.054612,NA,3.738067,-8.599434,3.446797,-8.678554,19.512544,NA,-13.957818,NA,-9.913001,6.948535,18.492229,3.630205,-18.614231,-2.380983,-5.80758,-2.465616,-11.422645,-13.934157,11.430333,NA,-25.068444,-9.187837,-26.958851,15.511537,4.11707,4.180131,NA,1.335462,NA,NA,NA,21.476169,-10.277449,0.056767,-1.075575,-2.637674,3.613541,NA,-2.901812,13.432995,-8.413743,-10.200785,-2.667623,NA,-31.56266,NA,NA,11.340276,-9.735611,-3.846538,-3.708834,NA,H,K,H,H
9.866903,-9.02757,0.485763,11.18411,-17.698619,-15.710081,22.856789,5.431498,7.050627,0.22247,-2.058316,NA,-5.287183,NA,-4.769423,-10.552471,NA,-3.401066,21.523168,-5.626526,NA,-49.135694,8.451257,-9.082323,6.091794,-5.689702,2.839328,-3.967229,NA,-3.864555,-6.607468,-9.517563,-7.349077,-14.823193,-16.34835,NA,-6.038644,0.175545,0.454125,10.131553,NA,10.219107,9.506272,18.542022,-14.967488,NA,-7.11726,1.531442,NA,13.932668,21.076459,NA,0.854244,-8.239289,8.497218,NA,3.841615,NA,-0.266341,-4.53633,-2.073844,-3.397653,-8.816256,13.672757,NA,-20.899958,-7.061958,NA,14.374727,NA,1.637016,1.73486,11.947561,-10.561289,-8.337871,-2.155182,26.016222,NA,5.287811,NA,-1.203375,NA,-22.880967,1.457449,16.111442,-4.885605,1.330167,6.429319,3.326446,-29.410509,-8.970008,10.787976,14.51788,-7.528967,2.787035,1.285487,G,H,NA,I,K
-7.724285,NA,-0.856093,7.59909,-23.568116,-19.284025,NA,1.54579,2.315298,-3.593373,-7.383881,11.164877,-9.628827,-5.106301,-5.285203,-15.231943,9.592712,-8.061832,12.961244,-6.521905,-35.234291,-50.519095,6.855254,-14.391959,-1.677011,-6.886469,-4.027795,-12.38731,-2.258083,-5.787179,-13.687326,-12.134103,-9.140702,-24.812445,NA,-2.826654,-4.344525,-3.818279,-1.991377,8.341695,-6.726581,NA,1.081407,17.02192,-21.441425,NA,-11.908799,-0.975519,-15.665029,13.950578,12.561395,-13.856909,-2.16013,-8.48512,2.763193,14.011038,3.177166,-20.5299,NA,-5.146125,-8.774,NA,NA,7.758214,-14.142366,-22.04634,-11.056376,-28.305872,11.726509,NA,3.125284,-1.179944,2.290704,-16.012188,-13.435592,-12.980601,22.960296,-10.766244,0.845916,-1.75415,-4.349307,1.437712,NA,-6.489614,14.020711,-10.047826,-7.931991,0.0609,NA,-38.9448,-11.779858,NA,9.421023,-12.963354,-5.640395,-4.831087,G,H,H,J,H
39.171358,NA,6.804447,12.731534,-15.958188,-13.589275,22.118102,NA,7.695054,-0.001413,NA,14.262279,-5.519282,4.38914,0.984101,-7.921236,13.218866,-3.734491,16.836508,-3.230851,-26.887285,-45.538456,10.95049,-10.836328,3.082493,-4.052001,NA,-8.825733,-0.364105,-3.117566,NA,-13.948936,-3.947394,-18.827295,-18.221131,-2.34374,-0.761353,-0.563034,1.466925,10.381536,-2.443274,10.989091,7.569116,21.570511,-19.894147,NA,-5.804446,2.995187,NA,21.20828,19.093394,-9.561454,1.731816,-8.29841,7.267391,NA,8.864269,-19.046913,0.285384,-6.031357,-4.374824,-4.340411,-15.255699,14.391014,-7.300145,-16.599436,-5.207482,-22.30191,16.09315,7.374637,8.457459,3.86547,5.621435,NA,-7.708737,-5.29853,27.750557,-8.441674,2.598223,1.847577,2.314383,6.709581,NA,NA,NA,-6.485349,-0.681993,4.748187,6.107379,NA,-4.405587,7.155555,12.55226,-5.745679,-0.85764,NA,G,I,G,G,G
43.81014,-11.010295,1.74339,9.420931,-14.400703,NA,25.537612,3.498127,7.697403,3.697151,0.427047,18.705174,-6.42425,11.185157,NA,-5.59086,18.559297,-2.917792,20.722777,-10.419203,-29.157012,-48.941111,10.004987,-10.3576,1.925133,-4.652813,-1.379877,NA,-0.021549,-1.180475,-5.636854,-16.538164,-3.328811,-13.86138,-21.78745,0.685954,-4.395704,1.633658,5.868328,NA,-0.622618,NA,8.692701,NA,-19.510731,1.818917,-3.33463,1.801406,-8.903441,21.786487,23.245499,NA,NA,-11.983114,9.299304,20.464769,9.443582,NA,2.387075,-7.114523,-5.272699,-3.299743,-9.083006,14.353187,-8.441138,-13.266319,-9.584021,-25.437274,16.602966,11.354883,11.249844,3.614522,NA,-10.138011,-4.722552,-5.836008,34.789025,-8.890171,2.340266,NA,0.45234,NA,NA,NA,13.760571,-2.312904,2.913085,10.668641,6.293156,-27.826502,-4.932713,8.813248,10.053621,-4.932255,NA,NA,H,H,H,G,J
-28.319378,-5.305272,7.270162,15.583659,-13.841187,NA,28.814412,1.667208,4.988074,5.582168,NA,16.816111,1.386222,2.253315,3.495121,-5.603649,15.682904,-5.048742,23.156474,0.55303,NA,-44.040458,15.619019,-7.865237,5.041633,-2.764653,5.347774,NA,0.217846,1.011573,-3.127018,-8.457381,NA,-17.333459,-15.207004,5.433458,-0.003104,-1.095417,NA,9.027096,2.048428,13.623252,NA,21.99922,-17.828429,NA,-6.175163,6.006052,NA,14.89392,NA,NA,1.512743,NA,9.028868,22.695879,7.972736,-13.225579,NA,-0.978434,NA,-2.29431,-9.65367,15.063606,-6.135375,-20.431913,-6.033461,-18.524085,15.670985,NA,7.09553,1.012253,NA,-11.192151,-0.997619,-1.643094,NA,-4.507093,8.620718,4.474934,-1.353523,4.911428,NA,2.506585,17.445847,-3.462273,-4.722321,4.491806,5.609808,-31.849711,-2.588964,8.407628,15.110976,NA,4.601972,1.716094,J,NA,K,NA,I
-27.649771,-0.338859,NA,17.680708,-14.756074,-11.945012,25.838736,4.733668,8.136587,7.946136,-3.137002,18.288007,-1.498722,4.449026,4.115983,-8.340219,NA,NA,19.442338,-2.669442,-27.869662,-44.759239,11.685733,-7.83989,NA,-4.291648,3.378973,-4.825346,2.215907,-0.961159,NA,-8.309601,-6.465112,-18.079795,-15.451168,NA,-1.409018,-2.443046,4.271064,7.205411,3.170396,16.137006,8.848902,25.017676,NA,1.189621,-3.903218,6.467062,-9.407256,19.101621,18.154359,-6.228743,2.109908,NA,5.75329,18.988452,11.350642,-13.42668,4.738068,-5.439187,NA,NA,-11.454415,14.966637,-4.282657,-19.795304,NA,-20.636804,16.664201,3.605975,10.197128,1.271609,6.527445,-7.860473,-1.929133,-6.795009,28.422018,-7.707275,6.131144,2.060211,-0.807392,6.091584,-15.788742,1.488861,18.237961,-8.768715,-1.129277,4.143796,NA,-30.327266,NA,10.623155,NA,-8.633603,3.014987,1.761803,I,I,I,I,K
31.487435,-7.38022,3.027557,11.379892,-18.42495,-14.698153,21.145968,NA,5.00311,NA,-6.36477,NA,-4.180706,5.839768,1.411713,NA,16.629193,-0.274586,17.559269,-4.65671,-28.70508,-44.553249,11.145452,-9.21247,NA,NA,4.317638,NA,-1.420871,-7.354359,-7.701122,-5.946677,-7.739075,-18.18616,-15.653528,-1.879332,-4.525761,NA,2.332503,10.622424,-1.164284,11.863583,5.623243,24.96619,NA,-3.738558,-9.749529,6.199878,NA,17.352818,NA,NA,2.497731,-13.095136,9.15818,18.759518,9.862883,-12.865759,NA,-11.135747,0.139838,-6.159002,-10.931635,16.298934,-1.187742,-22.091453,-7.689058,-17.555934,NA,6.724954,7.120352,7.506504,7.004189,-7.731926,-4.79157,-6.575527,32.938291,-10.568905,6.666426,-1.199407,1.724909,4.451715,-24.077668,1.686034,13.813898,-11.179649,1.287106,2.413257,2.913567,-30.444253,-7.65466,NA,11.283164,-7.45962,NA,2.455625,J,NA,K,I,H
16.562555,-2.501236,10.005983,13.426887,-12.147351,NA,21.453161,6.146136,NA,5.240965,NA,19.662799,NA,8.592262,-1.663208,-6.389252,14.572854,-1.615048,NA,-3.037093,-28.817985,-43.810805,NA,-7.635399,NA,NA,2.274695,-8.095759,NA,-1.740484,-8.254746,NA,-3.342405,-14.531847,-18.455544,NA,-2.048598,-3.545788,6.204508,7.762293,-1.542644,12.816194,10.7384,21.655062,-17.27313,0.685532,-6.332359,6.622036,-8.418798,18.02562,18.253508,-7.851691,3.146218,NA,9.86678,23.134069,9.617833,-12.631343,NA,-5.829601,2.511121,-4.792946,-14.01981,16.377165,0.940159,-16.379135,-2.334043,-20.765948,19.352506,5.580053,8.336632,3.270216,7.13892,-9.807374,-4.694092,-4.941282,26.736479,-6.976534,6.390454,0.225887,-2.439759,5.076737,-17.239964,-0.72244,16.218689,-4.892695,-0.349185,3.897493,5.634548,-28.941283,0.18804,9.634224,13.405271,-4.202396,4.834561,-0.075454,NA,I,J,I,K
14.689711,-7.702734,3.793601,NA,NA,-15.72463,NA,0.084029,3.689928,4.978027,-2.014206,11.63929,-0.341942,2.493538,1.686103,-3.946516,17.656736,-2.678188,19.872702,-1.107078,-29.227921,-45.413938,12.267441,-11.136071,1.783295,-10.161818,-3.768759,-7.311953,-2.528156,-1.965144,NA,-10.855673,NA,-15.128961,-18.736607,2.309445,-4.143048,-1.484025,-2.383519,NA,0.789219,NA,NA,19.694279,-24.819257,NA,NA,6.889009,-9.166745,17.475731,15.059946,NA,NA,-10.754998,NA,NA,11.095026,-18.63852,-1.835004,-7.00299,-0.955268,-6.659232,-10.294976,8.303659,-5.291156,-21.913429,-7.13757,NA,16.456083,3.962377,3.936704,3.753044,5.166623,-9.626627,-4.769386,-6.823888,28.272688,-9.295261,9.213349,-5.12e-4,-3.660554,7.120567,NA,5.545308,NA,-9.551895,0.726186,0.035623,1.963945,-32.095615,-6.636451,5.214134,13.132711,-6.713118,NA,0.913846,J,I,H,K,G
56.941556,-11.7956,7.864708,NA,-14.164414,-18.668688,NA,3.268098,7.113496,1.733815,-2.811526,15.624862,-1.663313,3.319994,0.519258,-6.450909,17.722601,-4.317973,NA,-3.110251,-27.160222,-45.751121,12.015469,-10.123605,-0.522533,-7.052072,0.988318,NA,-0.766213,-2.44291,-8.188838,NA,-9.212311,-18.55891,-19.941115,-2.355245,-3.351948,NA,0.872511,6.507545,NA,12.805025,9.157057,NA,-20.358475,NA,NA,NA,-7.732616,14.212071,19.988195,-6.108098,-1.095983,-7.514055,5.36031,18.567588,NA,NA,-3.205229,-2.626103,-4.103869,-1.313797,-12.865087,13.13302,-7.058408,-18.51158,-4.563646,-22.352234,16.780498,3.713087,NA,1.069758,4.401555,-8.664641,NA,-8.991534,24.999182,-8.553357,4.307998,-0.752677,-5.320495,6.241377,-17.944202,-0.109014,NA,-10.044171,-5.996472,1.342044,6.018897,-34.063926,-2.875749,4.740196,14.035261,-7.985772,NA,3.075631,H,I,NA,H,H
15.716907,-6.08302,3.149835,7.950498,-18.891101,-10.442617,22.278384,0.714659,NA,-2.240627,-5.978645,17.842419,NA,5.627765,-3.376656,-8.864523,11.724801,-10.525924,20.841291,-8.544265,-29.177367,-49.229227,11.954725,-12.263314,NA,-6.482898,-1.230613,-6.306689,1.688098,-3.604645,-12.509198,-11.712129,-3.978078,NA,-21.060711,-0.850453,-6.105162,-3.756658,-0.993071,6.68114,-3.60966,9.4585,NA,21.081145,-22.64222,NA,-5.399681,-0.999674,-11.074103,15.83895,18.210891,-14.45915,-0.804022,-9.579422,5.470347,18.548794,6.289896,-19.039713,1.20475,-5.025979,-3.583822,-6.414733,-12.571921,10.374768,NA,-20.524296,-9.293973,NA,14.212739,2.301847,NA,-2.37562,4.903028,-14.428372,-7.915164,-6.711409,25.942082,NA,2.37363,-1.860007,-5.000869,NA,-20.274799,-2.956073,10.929071,-5.319963,-5.595549,-2.056464,0.907895,-31.954316,-3.097199,7.813917,11.341137,-8.667201,-1.293477,0.192106,I,H,J,J,NA
25.045371,-10.554642,6.711095,13.271869,-14.309537,-16.6413,NA,4.295525,3.835317,3.126556,NA,14.755131,-0.574612,NA,NA,-8.240592,11.928937,-3.748496,13.803803,-0.479705,-24.734291,-47.841978,NA,NA,NA,-8.201841,-0.406558,-8.71969,0.734779,NA,-6.901116,NA,-9.112207,NA,-20.572891,0.417336,-3.116078,-3.271671,3.974159,4.662198,-3.884216,NA,9.606086,16.504799,-20.4621,2.374506,-9.869249,NA,-10.666211,19.389849,17.955138,-7.578111,3.403749,-9.65248,10.460124,18.115383,10.400989,-14.102908,-0.687675,-9.461113,-0.810787,-1.874616,-13.924903,11.639773,-6.679126,-20.003288,-6.638717,-19.041573,16.314963,-0.771514,7.544344,NA,-0.024192,-9.080298,NA,-4.940008,25.026328,-7.050396,NA,0.327714,0.519694,4.136752,NA,-5.545547,14.299275,-10.534785,-6.260666,1.750291,5.054185,-34.459303,-2.828672,6.244729,14.588859,-9.054751,3.545679,3.955386,G,I,I,J,NA
-12.26238,-9.719658,3.705371,NA,-19.801079,-15.742443,22.676765,3.730134,6.000521,NA,-11.148955,17.731371,-6.564273,2.980394,NA,-10.844426,12.550591,-7.323818,14.659189,-3.453805,-33.539633,-47.726155,NA,-10.91252,-0.194506,-2.347373,0.191627,-10.709305,0.41851,NA,-10.343438,-9.360421,-6.503899,-25.236339,-19.043744,NA,-4.154355,NA,2.472454,7.143244,-4.575754,NA,NA,23.471881,-20.703615,NA,-9.445472,6.757522,-10.992949,16.315972,16.155318,-14.464805,-2.221549,-11.863269,12.717914,18.818442,8.358523,-16.493928,-6.363548,-6.787389,-3.773491,-9.483885,-13.369287,13.100346,-8.338689,NA,-5.359705,NA,14.929969,3.374333,10.086525,8.930721,3.622849,-8.138861,-8.400442,-10.525561,25.845012,-8.952731,-0.918056,-2.860881,-3.89937,0.392275,-24.774028,-2.026677,NA,-7.132728,NA,2.733162,NA,NA,-4.124742,7.013565,10.838398,-3.934751,-5.261492,-4.179723,H,NA,NA,NA,G
13.643601,NA,7.604319,NA,-17.648198,-13.564897,27.586321,6.256666,8.703287,7.586074,NA,17.812279,1.805523,5.096792,4.706977,NA,16.185457,2.622567,22.173437,-0.14896,NA,-43.120971,12.666446,-7.177009,5.979456,-5.832067,NA,-2.960184,-2.908931,5.40897,-2.539067,-7.791706,-5.203183,-15.691398,-18.04361,4.285631,3.6457,-2.558333,3.959517,10.885069,NA,NA,NA,22.637616,-20.063152,1.036121,NA,7.407722,-8.494521,22.427454,20.686009,-6.024092,5.910213,-7.037713,9.744815,22.58772,15.775154,-15.957964,5.268146,-3.796357,3.329976,0.053087,-10.899677,NA,NA,-18.084214,NA,-19.804173,NA,7.370631,9.54996,5.284705,7.764274,-5.239396,-1.495783,-3.973591,NA,NA,10.033274,3.688328,NA,8.154737,-16.191534,6.533673,13.914405,-10.138902,-0.997571,4.680616,2.639514,-29.534682,-4.99471,9.25068,15.137323,-5.756963,4.194915,4.28647,G,I,NA,J,H
-84.66598,-8.167204,6.111271,17.457336,-17.726914,-16.148052,24.451775,1.537038,6.497861,5.056489,-8.095559,16.299263,NA,3.722846,1.855165,-9.924,NA,-3.062052,17.70451,-6.381577,-31.554265,NA,6.495536,-10.220515,-2.038559,0.223861,1.745388,-8.832942,-1.670595,-2.980234,NA,NA,NA,-22.742186,-17.252587,1.972968,NA,-2.978097,-3.380517,NA,2.168632,10.153483,6.696959,NA,-20.781583,1.210977,-10.201968,6.588281,-8.799209,12.971292,19.216609,-10.132104,-4.324521,-6.264264,3.532336,19.236419,8.219128,-15.277682,-2.714749,-7.303703,-4.220491,NA,-10.394875,10.41899,-7.111471,-21.923149,-7.309181,-26.195014,15.104323,3.612795,5.270588,0.608509,NA,-10.432452,-7.254911,-10.340035,25.054289,-14.004986,4.158696,-0.909616,-3.035825,2.075102,-21.447633,3.274875,15.16075,-9.545909,-6.787069,0.023929,NA,-31.152378,-5.988913,7.018508,12.945532,-8.496519,-0.579026,NA,J,I,K,K,H
68.699633,-13.645908,4.558723,16.641149,-17.691828,-13.141604,20.184405,NA,7.988893,-0.363835,-3.561274,12.244065,NA,0.552348,-3.984744,NA,14.471822,NA,18.848147,-7.533819,-29.278741,NA,10.607581,-10.794057,1.049224,-4.160676,4.180319,NA,-2.34757,NA,-9.397795,-17.533974,-12.144859,-18.719088,-18.525682,-3.713523,-4.780263,-2.188141,5.046089,13.038549,NA,8.513946,5.460047,17.302341,-20.094512,-9.614862,NA,7.380518,-8.801264,10.929296,19.164006,-15.723742,-2.336233,-9.392388,12.609906,18.485071,10.898036,-16.978537,-4.876403,-9.082767,-6.23593,-3.91843,-10.677859,17.911071,-8.51615,-17.70432,-6.474654,-24.339646,11.157506,2.868295,6.978789,3.411203,1.382231,-10.672988,-5.931652,NA,24.656031,-12.762733,1.70983,-1.731309,-1.678985,NA,-23.380449,-5.520754,NA,-11.632026,-7.64191,0.505107,NA,-31.033791,-8.789848,5.270981,NA,NA,NA,NA,NA,I,J,G,NA
6.398983,-7.102255,7.292675,14.506509,-13.958065,-8.372873,24.019964,5.940344,9.612713,0.717747,-3.802528,16.422881,-0.994069,7.330744,3.058204,-3.639887,15.665882,-4.455955,21.224816,-2.565925,-25.118489,-39.846363,15.256777,-8.466012,4.772766,2.483166,3.335718,-1.508519,3.572415,NA,-9.676988,-11.037244,-3.444283,NA,-20.176011,NA,NA,NA,2.231572,12.887458,-3.985713,15.731749,10.558879,26.383148,-14.481652,-0.079265,-1.212366,6.534502,-7.648742,19.177073,22.734256,-11.318777,NA,-4.098547,10.777154,NA,11.277074,-19.408131,5.732426,-2.342861,-2.996316,-2.141653,NA,17.075297,-3.124379,-12.90704,-2.098467,-18.935188,17.76455,9.326728,10.481268,NA,10.905298,NA,-4.974184,-6.912408,32.035871,-7.665707,7.476858,5.195165,3.166974,7.837479,-14.827501,1.454542,18.179881,-3.958304,-0.783726,NA,5.142042,-25.622909,-2.098083,9.698789,14.916528,-3.242033,0.771448,1.427756,NA,I,G,G,G
-23.212729,-10.148223,-0.566795,14.793215,-19.19437,-21.311724,20.925873,-4.02832,3.26622,NA,NA,NA,-4.787514,-0.149057,-4.528722,NA,11.742071,-8.698953,17.792856,-6.360144,-31.641064,-46.082755,NA,-10.128245,-2.269725,-5.395064,0.220671,-6.50706,-3.439263,-5.099882,-12.290688,-17.170462,-14.092099,NA,-22.217947,-4.524593,-6.120371,-4.87004,-3.938309,2.603844,-3.079724,5.070088,3.794611,17.88353,-22.935876,-5.596629,-6.618592,5.623316,-7.125547,5.996102,NA,-15.27814,NA,-5.622337,2.681875,15.428571,8.875941,-21.334721,-3.482946,-11.180385,-6.942717,-8.935138,-10.709453,13.983733,-7.973593,-24.142673,-8.592915,-23.53913,10.118291,-0.508605,NA,0.124022,5.687839,-13.512971,-4.602628,-11.872621,24.052911,-14.806272,3.300232,-0.409384,-6.794641,-0.448515,-23.44926,NA,12.571913,-13.355438,-6.611651,-0.404997,3.577157,-35.002338,-5.172481,6.646775,18.200783,-8.990794,NA,-3.611631,H,I,H,I,I
28.866677,-7.681623,11.555731,14.579676,-16.324862,NA,23.637845,4.034939,NA,NA,-2.192904,15.76483,-4.11662,8.45716,2.786758,-3.817372,15.206981,NA,NA,-0.994737,-24.692448,NA,15.620281,-9.114252,0.414896,-5.96919,2.189451,-4.385498,-0.812692,-1.411884,-8.237557,NA,-0.797205,NA,-17.517971,-0.732911,-1.260778,-2.041955,1.310266,12.452369,-0.276235,17.848932,NA,26.710614,-18.126743,0.828461,-7.144603,NA,-7.473228,21.548253,20.814673,-11.521681,3.921077,-9.017388,9.189738,16.571014,12.34613,-16.62163,-0.188081,-3.633476,-1.513075,-5.082523,-12.573989,13.175229,-6.510749,-16.121576,-1.535052,-22.534844,21.250655,8.116219,12.051718,3.623882,NA,-8.41664,-3.487253,-6.240479,30.718368,-6.822194,5.660216,-0.505583,NA,NA,-19.132489,3.259724,20.056642,-6.856462,-0.349926,5.067552,8.206064,-29.093892,-4.13347,9.676691,11.094441,-4.682201,NA,-0.114018,K,I,K,NA,H
0.646474,-6.247451,NA,12.670645,NA,NA,29.143188,4.211893,4.026267,5.41085,-2.283719,17.537107,-3.744459,3.577039,0.147189,-8.459426,18.107184,-5.808683,NA,-0.69888,-29.662605,NA,10.386583,-10.622294,NA,-4.198113,5.087611,-7.626568,1.676013,1.367825,-5.209523,-9.742961,-7.550927,-21.192635,-17.534382,1.731151,-3.229175,-3.098741,1.371462,9.285056,NA,10.067819,5.098633,16.644087,-19.806985,-1.414878,-9.885653,4.344316,-8.276166,NA,NA,-8.906694,NA,-6.713497,6.838303,22.256335,9.826139,-12.98892,NA,-6.770904,-0.296844,-4.365598,NA,11.828183,-10.068085,-16.743387,NA,-20.47981,13.696726,3.774779,7.795999,1.138106,NA,-9.151001,-6.716421,NA,26.042206,-9.86272,4.246432,-0.555129,-2.512918,1.801202,-23.796629,1.092955,17.297961,-7.178564,-4.458944,NA,7.639675,-31.426373,-4.016029,8.946885,13.457631,NA,4.169986,0.513562,H,NA,H,H,G
-11.386663,-6.833826,4.990874,11.437533,-16.795374,-12.951842,23.74827,2.32418,7.492798,2.970076,-6.181639,NA,-3.729835,8.034166,NA,-5.747726,18.47455,-1.916121,NA,-3.192775,-29.227872,-45.616496,14.349066,-8.3218,1.096413,-3.573033,-0.978644,NA,1.84964,-3.519892,-8.178827,NA,NA,-16.58719,-18.58895,1.569791,-1.683257,3.671385,3.799307,10.941287,NA,NA,8.582006,NA,-19.904185,0.297549,-5.012917,NA,NA,NA,20.719512,-7.270699,-0.385179,-7.994605,9.847895,21.639589,13.655667,-13.694223,-0.872705,-3.509089,NA,-6.122065,-11.330603,12.238346,-1.311658,-15.607398,-4.771787,-26.022186,17.939977,6.735917,11.323898,8.078616,7.794798,-6.06213,-6.541468,-9.341535,31.463845,-9.663298,6.75847,2.016828,-2.019811,5.316575,-17.5448,1.085322,15.047342,-6.600142,0.890973,3.957736,5.146537,-29.671328,0.98682,NA,14.404202,-3.390478,-1.28092,0.780784,G,H,H,NA,G
-116.367752,-9.21466,NA,10.833069,-15.290443,-12.108079,21.424874,3.359359,4.031311,NA,-3.181263,13.356289,-8.731689,2.375244,-6.498411,-9.766743,11.818078999999999,-2.248513,20.476153,-7.292588,-31.145227,-47.095717,9.001693,NA,NA,-6.265779,1.968945,-6.918997,-2.180972,-3.11958,-11.812442,-8.534671,-9.165438,NA,-17.70086,NA,-6.244902,-8.633317,NA,8.126359,-2.34693,13.50479,NA,NA,-21.049678,-4.0509829999999996,-11.931396,3.508286,-8.386085,14.32119,NA,-15.814184,0.977021,-10.054641,7.391261,18.494929,7.349132,-16.921173,1.628775,NA,-5.427504,-12.386849,NA,13.549416,-5.027118,-21.396499,-8.61233,-23.711315,16.064603,NA,7.619323,NA,NA,NA,NA,-6.16105,21.073486,-7.999784,1.963655,NA,NA,-0.230332,-19.330858,0.175895,13.338622,-10.333205,-6.709417,3.440495,3.137189,-32.214774,NA,7.444256,NA,-9.267333,1.614259,-1.775703,NA,H,NA,K,K
42.404175,-4.272875,6.811171,13.018486,-14.607021,-16.053057,27.02103,6.942974,7.356724,3.107184,-5.634488,21.068957,2.619955,2.713531,2.675458,-9.49819,15.119657,-1.096363,NA,-1.569243,-27.853387,-45.717147,12.634187,-9.385054,5.341764,-1.582519,3.528332,-6.836175,4.769398,NA,-7.647613,-8.958255,-8.65373,-17.757814,-17.579479,2.358016,NA,-3.123434,6.727982,8.882013,-3.238732,12.717489,10.268005,NA,-17.848699,NA,NA,6.897417,-12.148146,18.631089,16.41544,-9.202218,4.93059,-11.507444,9.801081,21.311477,14.125432,-11.678759,3.938575,-4.719098,1.854964,-2.20686,-14.020867,17.540213,-2.523,-18.961459,-6.062775,-18.944142,16.919667,5.160489,9.093912,8.587431,4.855933,-6.954682,-3.279969,-5.531072,25.48837,-4.985939,3.97681,2.019141,-2.382263,6.6988,-18.113827,-0.632703,13.910214,-10.481785,-3.00187,0.580676,5.09224,-28.680358,-1.263162,8.391494,15.153441,-7.02378,3.316696,NA,NA,I,K,H,J
34.237397,-4.348294,7.903041,14.562347,-16.717262,-15.918721,21.012002,0.523553,4.836552,4.920661,-3.695466,15.405386,NA,4.274096,-2.666329,NA,13.171897,-4.622523,17.368275,-6.185001,-33.049232,-49.181174,8.74973,-10.754114,-0.947902,-3.798545,2.137224,-8.531087,-0.585747,-2.497599,-8.370096,-12.430698,-10.179649,NA,-19.363671,0.963455,-3.739302,-6.880795,NA,7.793553,NA,11.894039,10.147691,18.850158,-19.520882,-1.166392,NA,6.522532,-9.647044,14.801614,17.842361,-8.465547,-2.048846,-10.857545,8.789708,20.270512,4.125675,-12.135761,-3.035504,-8.679824,NA,-4.97366,-12.971824,14.375238,-8.297389,-20.064871,-5.930524,-22.230468,13.654262,NA,NA,-0.362082,5.870001,-11.175712,-4.15154,-4.630709,21.683925,-8.769191,NA,-2.677769,-2.509402,4.160119,-24.100383,NA,NA,-8.707526,-3.297795,0.960015,3.310048,NA,-5.596085,9.763712,9.606278,-7.317342,3.765352,-0.062495,I,NA,K,G,G
43.619216,-9.344482,7.300553,11.985498,-18.657707,-10.397767,24.775189,-0.696527,4.972391,4.509288,-4.577603,16.119588,-5.225852,6.689338,NA,NA,12.868116,-8.14431,NA,NA,-31.218424,-47.0524,11.897046,-11.544256,0.056561,NA,-2.618953,-8.151067,-0.653297,-0.580916,NA,-13.879766,-4.135173,-18.092529,-18.625634,-0.2016,-4.755545,-0.095488,0.299129,8.577725,-0.352312,9.222249,9.16769,24.051352,-21.267662,NA,-4.602352,NA,-11.32293,20.862965,15.805371,-10.298399,0.250222,-11.059658,9.008079,19.043309,4.420581,-16.180698,-4.749938,-8.816286,-4.751136,-5.175462,-11.377879,8.845267,NA,-20.769687,-3.328514,-24.265353,16.130921,0.540516,3.474157,0.70456,NA,NA,-3.65713,-7.552111,26.87642,-11.787795,5.390097,-0.043084,-1.691242,4.227778,-23.292617,-3.249463,15.200142,-2.247527,-4.779577,2.554924,1.621775,-36.429822,-5.244732,7.937031,13.326266,-4.809746,-2.343276,1.170438,NA,NA,I,NA,J
61.814305,-8.626783,4.723504,14.229555,-18.832096,-13.63546,24.022741,5.069894,4.30248,3.182959,-8.802945,NA,-8.452912,2.105887,-1.1316329999999999,NA,13.557272,-10.525685,14.349223,-0.346174,-33.062853,NA,6.187938,-13.344336,NA,-5.636534,1.969717,-6.489216,-0.147341,-1.813816,-10.406053,-15.182626,-10.734551,-23.25416,-15.962652,-4.524536,NA,-3.675586,-1.838734,7.981707,-4.928693,9.552909,4.747613,16.992289,NA,-5.252625,-8.686097,5.677983,-12.67399,12.845036,14.62536,-15.602058,-3.165717,-11.416799,6.067525,19.553307,5.286703,-20.5047,NA,-11.582646,-1.762258,-7.823014,-9.301565,11.383322,NA,-18.202726,-5.957384,-21.419545,NA,0.742481,3.823144,4.907759,0.736266,-13.670757,-7.991997,-6.950569,22.989839,-11.744661,0.359355,-3.595832,NA,NA,NA,-5.510212,NA,-8.682544,-6.001397,-0.341857,2.670139,NA,-7.301034,8.114055,NA,-7.318176,-3.474965,NA,J,I,K,G,NA
40.480916,-4.100907,9.531193,14.962807,NA,-14.613577,28.674484,NA,10.966178,4.893464,-4.739249,23.057627,1.137149,10.294006,3.98885,-6.698277,16.743033,NA,20.054048,-3.212536,NA,-42.58407,NA,-11.170345,5.898964,0.80338,NA,NA,4.340389,1.097073,-6.693299,-11.22708,-5.246125,-17.670039,-16.092172,NA,-0.173304,1.981752,4.62587,9.699717,-1.6608290000000001,13.032554,NA,22.654377,-17.716118,-0.828788,-3.542295,7.029327,-9.151965,16.436221,23.585293,-8.802046,-0.317988,NA,9.792256,28.034859,NA,-12.290098,0.805755,NA,-0.295703,1.709177,-10.201431,15.497624,-2.037351,-16.63745,-3.625928,-23.923489,20.984557,7.483289,NA,8.029792,8.957703,-7.151084,-2.508438,-7.717473,28.070818,-5.696335,6.599026,3.049566,-4.474723,6.88616,-16.778151,1.128614,16.724224,-3.33819,-0.413474,3.547703,NA,-27.701806,-0.371971,7.764829,16.743489,NA,3.728695,2.749485,J,I,I,I,J
49.800983,-6.671461,8.054706,12.209864,-15.722365,-10.759562,23.744787,5.189963,3.909333,NA,2.088526,20.865969,-6.038336,9.514111,-0.591299,NA,18.7197,-2.632684,20.167068,-4.117943,-30.376702,-40.423289,11.670807,-10.756773,-2.354965,-2.94731,2.208619,-4.804458,2.41084,1.501103,-8.11033,-9.366915,-3.932721,-16.553278,NA,2.381729,-1.415535,-2.345942,NA,11.687389,-1.187523,13.748257,11.615811,22.82657,-12.267389,2.436266,-6.162295,8.088281,-13.750111,17.982018,NA,-9.182426,NA,-9.838835,5.281236,21.53211,7.688404,-11.407991,-0.575226,-8.545149,0.433692,-2.283682,-7.029687,NA,-7.995267,-15.024714,-5.563802,-20.190034,17.152226,5.192665,NA,1.915949,8.561686,-13.73507,-2.262821,-4.539005,NA,-9.741821,6.21182,0.811071,NA,4.052836,-21.305064,NA,18.359453,-3.608183,0.64804,7.160805,4.523695,-29.324892,-5.107898,12.706541,10.777893,-5.252852,4.295136,2.192525,G,I,NA,K,G
46.951619,-7.478398,5.070291,13.309444,-12.316853,-16.822592,25.904837,1.301069,7.304782,NA,NA,18.325269,-3.126462,3.176059,-0.5581,NA,15.219218,-4.569289,17.211504,-3.209545,-28.537585,-45.880659,NA,-11.567692,4.966533,-2.697856,0.637184,-7.551015,1.347954,-4.783234,-9.531729,-11.185509,-9.510577,-21.354494,-17.175963,1.693301,-4.418366,-2.809402,4.258437,8.019216,1.481431,9.900802,9.814332,18.107412,-20.764671,-1.98315,-8.766705,5.820674,-11.437125,14.55585,NA,-8.738486,-1.280882,-9.712892,7.843826,NA,9.090107,-13.505451,-1.539852,-7.317343,-5.679208,NA,-12.823725,14.762964,-5.258853,-19.295914,-5.695361,-22.333927,NA,4.66866,6.565635,5.171973,8.020187,NA,-6.009755,NA,27.358991,-10.792387,NA,0.641948,-3.829022,3.675591,-21.087283,-1.562721,15.844504,-6.885192,-0.248613,3.942207,4.395616,-33.357043,-6.2061,4.380139,12.279883,NA,2.154916,1.712189,K,I,NA,H,H
101.83133,-14.678799,3.028857,3.613403,-16.159898,-16.224015,22.756759,-3.926785,-1.356242,NA,NA,13.349687,-5.285945,1.101731,-0.861431,NA,10.363,-9.122011,11.559429,-4.700971,-30.431381,NA,11.095483,-15.183729,-3.148111,-7.658283,-5.50575,-16.226065,NA,NA,-12.198223,-13.8015,-9.100643,-25.16685,-24.219655,-2.755957,NA,-5.006544,1.358066,4.669446,-8.227718,8.325643,3.722653,19.394615,-23.490935,NA,-11.479187,3.164638,-18.214094,14.885864,14.435343,-17.756956,-7.173793,-14.970763,7.807845,14.59503,6.501305,-18.363172,-8.486246,NA,-8.734326,-7.096939,-16.661058,7.803656,NA,-20.281659,-8.308163,NA,NA,-1.885898,3.290846,2.834635,0.08576,-11.748365,-9.019221,-10.60339,23.441292,-19.371766,1.401692,NA,-4.835413,-1.801729,-23.531888,-5.261838,8.863767,-10.81758,-11.206825,-2.629045,-0.489808,-37.163326,-6.798654,NA,NA,-11.673514,-3.895386,-2.923587,I,H,I,G,G
27.203273,-11.351645,5.212081,11.710441,-14.723647,-14.407427,23.077503,2.488177,4.410672,1.895901,-3.911909,15.384651,-4.730506,1.925695,-1.823441,-9.027792,15.898014,NA,NA,-2.508443,-29.423549,-42.507615,9.882005,-11.897474,3.350729,-4.618214,2.081912,-5.111735,1.474944,-4.692594,NA,NA,-8.053318,-19.344179,-18.017813,NA,-2.696635,-1.312223,3.795277,10.78947,-0.026006,NA,12.00696,15.055738,-17.294703,-4.863366,-8.917805,4.961429,-12.097126,NA,16.361151,-9.850462,NA,-9.059794,5.247898,21.821091,NA,-13.446671,-1.128844,-7.299654,-7.039656,-2.831418,-12.111648,NA,-4.896208,-17.765737,-4.557768,-19.601732,12.505659,-0.366865,NA,1.561742,NA,-13.434437,-6.847265,-6.120263,26.524736,-11.42055,4.085404,-2.164623,0.874617,7.488459,-19.103538,-5.366093,14.2035,-6.717228,-2.873793,3.28477,0.51197,NA,-6.3449159999999996,7.051972,9.562287,-11.413294,3.310044,NA,NA,H,J,I,K
73.362269,-10.75602,-1.074901,NA,-20.840068,-20.714332,16.342276,-4.222549,2.234622,-8.062094,-6.379346,11.472477,-5.810738,NA,-3.268145,-13.80957,10.108431,-8.475139,15.384679,-8.371678,NA,-50.603086,9.74806,-15.880019,-2.167304,-7.062985,-4.907692,-14.424562,-2.364008,-12.971705,-10.61548,-10.485591,-8.575067,-21.217161,-22.730188,-3.785116,-9.059261,-3.564365,-0.370426,4.109077,NA,8.818075,4.309187,NA,-21.32354,NA,-9.981235,1.337133,-11.755077,NA,18.269243,-17.699252,NA,-11.139626,6.288397,13.822501,0.347708,-20.552895,-4.4514,-6.913732,NA,-5.895107,-17.25446,NA,NA,NA,-9.639976,-27.589452,8.592296,4.240612,-2.490752,0.015616,3.91953,-12.914005,-10.089316,-11.518298,24.067285,-15.58839,3.929713,0.994663,-2.406137,NA,-26.732568,-4.616316,9.842276,-10.640712,NA,0.43016,-1.717864,-35.667533,-11.406649,7.038065,11.000213,-11.957942,-3.657365,-9.341763,G,H,K,J,K
-95.465619,-5.857973,6.763082,14.416903,-17.092199,-15.268764,21.661634,NA,3.059502,7.81095,-4.771736,14.044127,NA,5.958008,-0.748441,NA,13.133911,-6.263482,NA,-2.844752,-29.181151,-49.110942,NA,-6.844595,1.856037,-5.871998,1.834391,-8.046631,-0.153794,-3.018791,-11.361827,-10.902416,-12.224063,-17.47936,-21.479652,1.162637,-1.682081,-3.859628,6.007205,NA,-5.526596,13.456391,10.71483,NA,-15.31492,-1.563725,-9.793906,3.994768,-8.940159,15.904211,20.093223,-9.460933,-0.685944,-7.129604,9.586372,19.158665,7.664658,-13.693509,3.17652,-8.362112,-0.552771,-10.059205,NA,12.267668,-7.958194,-18.34227,-4.941718,-19.296237,16.772069,3.093363,7.287865,1.502476,8.255002,NA,-5.040101,NA,25.145103,NA,4.190727,-3.034766,-0.747794,0.049338,-20.364465,NA,18.419344,-8.221462,-1.721993,4.163101,2.463768,-28.32179,-2.357942,11.617433,9.25094,-10.038358,NA,1.240913,I,I,NA,K,I
-8.856058,-8.000667,8.697496,14.986161,-14.263859,-13.9091,24.687446,NA,5.911868,3.495254,-1.295686,19.118265,NA,4.537219,2.502869,-7.843047,14.539617,-1.562021,18.068719,1.301767,-26.890683,-42.921148,8.454372,NA,3.871875,-5.584227,2.752626,-3.156874,2.140431,-2.276669,-9.954805,-11.437461,NA,-23.049189,-16.017209,4.451685,NA,-2.327793,1.529635,9.737484,6.063954,NA,12.402317,22.444589,-20.310228,3.578876,NA,11.417562,-8.138795,20.464724,18.194374,-11.780027,6.98906,NA,7.148456,NA,9.381696,-12.474351,-4.218847,-8.801205,-0.837233,-4.077414,-11.176933,12.195479,-2.047699,-19.921806,-5.163564,-23.97422,15.693633,-0.422464,5.087947,NA,9.146941,-10.100917,-3.278904,-5.272186,27.915331,-10.452582,5.286815,1.858797,1.184981,7.132537,-22.377751,2.438411,15.255559,-6.432278,-2.773828,5.646616,6.462534,-32.651569,-6.750647,7.513707,14.292694,-8.088268,-0.604801,0.76609,K,NA,J,K,NA
-31.313974,-8.895385,3.263605,14.492382,-18.523077,-14.754978,17.151582,NA,4.330542,0.228766,-7.18071,15.603353,-6.720881,6.54848,-1.972812,-11.654534,NA,-0.342279,19.439512,NA,-29.072844,-48.233682,3.232709,-6.561632,3.960274,-3.923849,-0.172375,-6.60277,-2.266363,-2.646988,-9.088747,-14.262983,-3.791596,-19.989121,-17.827749,1.832867,NA,-2.930614,-0.82463,9.879744,1.01686,9.445035,8.186971,23.171441,-24.044538,4.926119,NA,5.374396,-9.614924,19.108353,18.287846,-11.514863,3.802819,-9.477793,9.803726,16.32369,7.999019,-20.002426,-2.66937,-9.469899,-6.444915,-6.967727,-15.769623,11.287973,-5.984179,-19.995345,-8.861895,NA,14.940566,5.729645,7.433192,2.13783,NA,-10.112568,-7.370895,-6.518103,25.457596,NA,2.352835,3.179963,2.61736,4.110185,-25.045905,-3.925908,12.522476,NA,-3.260536,6.091443,3.278111,-34.051891,NA,8.465309,14.905433,-5.145036,-3.9613679999999998,-2.946648,H,I,H,I,NA
-35.317438,-10.232801,3.338363,13.308368,-18.221637,-12.696003,22.164372,NA,NA,4.856749,-0.29528,NA,-4.27379,3.318913,0.605097,-8.56899,12.53205,-4.663066,NA,-4.637102,-28.229554,-42.586644,NA,-8.660434,NA,NA,NA,-6.015146,-4.307682,0.113348,-6.336731,-11.335496,-8.559455,-18.022002,-20.519482,1.065985,-3.061448,-3.027182,-0.996712,7.733992,-6.307274,13.731388,5.470983,24.205674,-17.24511,-0.858179,-6.492733,4.365474,-14.868672,16.383218,18.305629,-10.800842,-0.184817,-9.003066,8.41302,16.122496,8.285228,-22.15348,NA,-8.420829,-3.539591,-8.142425,-10.799486,10.63832,-10.192902,-19.562218,-7.574619,-23.846691,14.772005,NA,5.00654,NA,2.435983,-12.899037,-8.15511,-7.762021,27.448432,-10.252992,NA,NA,2.768774,4.014112,-17.895821,-0.129616,15.818597,NA,-4.870417,3.66639,2.262268,NA,-6.772303,7.05362,13.638302,-8.777343,-0.630762,NA,G,I,G,I,H
24.416654,-13.827589,7.876163,12.876874,-17.320906,-17.865046,20.033263,3.736712,6.096079,2.587141,-5.151741,15.625458,-3.099885,NA,-1.17576,-8.142578,15.742944,-3.520202,NA,NA,-26.36058,-49.382813,11.176503,NA,2.570731,-4.391178,NA,-7.182121,-0.206633,-6.341275,NA,-11.928765,-8.721772,-18.192,NA,-0.712537,-3.631294,NA,2.557895,8.604491,-5.123213,13.223304,10.653126,NA,-14.391269,-2.477035,-9.071615,2.190739,-10.681986,15.890775,19.597071,-12.838692,NA,-11.102626,11.150383,18.559867,7.963969,NA,NA,-6.749477,-4.409777,-5.748608,-12.425913,11.438277,-7.540727,-21.339741,NA,-23.675665,17.984484,1.591212,4.280961,4.914979,4.500013,-8.601475,-6.900983,-11.500169,27.217941,NA,4.648621,-2.96048,-0.688174,6.592948,-20.945598,NA,16.078417,-10.056637,-5.811475,-0.214993,NA,NA,-6.402626,6.04541,11.838186,-10.070384,-0.785907,2.242134,G,I,I,K,K
-15.445383,NA,10.616162,NA,-14.691436,-13.615298,NA,6.65567,10.771133,7.40048,0.626521,19.807606,NA,8.785849,2.653932,-3.312529,NA,NA,21.182317,-2.636201,-26.198026,-41.436114,12.357178,-4.831938,5.452799,0.534272,7.559891,2.229745,4.094099,3.630373,-1.972528,-8.515092,-4.865931,-11.45779,-15.349008,6.765647,NA,1.300255,3.796499,12.354294,5.258511,NA,12.429248,24.510593,-13.968097,NA,NA,NA,-3.675223,16.489617,25.458877,-3.542058,NA,-3.353814,NA,NA,10.190983,NA,3.494242,-3.767756,NA,-1.244439,-4.322366,16.894089,-1.723848,-19.054089,-1.972963,NA,NA,9.343569,9.415608,7.030903,11.072289,-7.952519,1.155423,-2.762512,33.35152,-2.958005,11.468281,3.329368,1.668516,9.791389,-18.491485,8.1050160000000009,23.302347,NA,4.953316,7.855062,NA,-27.423779,-0.243761,11.704113,20.018462,-4.024088,3.220949,3.834784,K,I,I,K,H
3.147207,-5.931686,NA,11.210353,-12.52554,-10.965582,27.766479,9.349361,7.730156,4.03541,-6.150399,19.315665,-1.505813,NA,4.435158,-7.322763,19.140529,-4.467139,20.300103,NA,NA,-42.660552,14.125493,NA,4.663717,-2.124432,4.166136,-6.916868,4.78033,NA,NA,-5.02254,NA,-17.781395,-16.375867,NA,-0.508507,-3.316388,NA,9.519144,2.746178,11.818375,10.896736,22.075614,-13.505876,2.22168,-6.076851,6.351195,NA,20.968553,18.803287,-5.836219,4.623623,NA,6.948928,23.262529,9.592618,-14.033939,1.830773,-4.187689,3.320185,-5.508256,-8.191829,16.09392,-1.971859,-16.094364,-2.211098,NA,15.698269,4.508672,8.331859,6.849085,12.075714,-8.769475,-7.102521,-1.302554,27.990657,-5.382381,NA,1.814785,-1.07706,4.03095,-16.658531,1.740151,19.241702,-3.4015,0.596499,5.007078,7.329934,NA,-0.749988,9.681155,NA,-5.036806,4.823195,3.951177,NA,H,G,K,J
20.460408,-6.469947,3.488838,14.368005,-16.573863,-13.860444,24.760955,6.34871,NA,6.036655,-4.111313,16.52385,-4.787412,5.598795,0.470618,-5.763662,18.572565,-1.669206,18.801053,-5.112771,NA,NA,11.144633,-9.302405,0.676617,-2.927711,0.756818,-6.987395,-3.010487,0.013156,-7.689388,-9.466457,-9.734143,-18.062822,-19.090015,NA,NA,-2.49302,0.142638,10.337873,-0.818936,11.215113,3.973842,22.029247,-18.318239,-3.583612,NA,5.934059,-12.791045,14.207878,17.061557,-8.106403,0.992515,-12.278736,8.168886,22.84514,9.367256,-13.235267,-1.356601,-6.872942,NA,-5.480702,-10.027884,12.444143,-7.009956,-18.867003,-9.772806,-21.028088,16.261975,7.050278,9.43206,6.798552,NA,NA,NA,-5.465183,NA,-4.113395,NA,-2.321901,-4.962143,NA,-19.270249,4.493599,16.540143,-8.968716,0.152436,0.329285,NA,-27.316892,-5.254789,8.169821,NA,-2.560449,-0.092205,1.85089,H,NA,J,J,J
-34.537436,-5.423777,4.429365,15.256452,-18.757636,-18.650095,21.531768,-1.387545,NA,NA,-1.798965,13.543747,-2.602114,-1.417504,-2.806764,-10.241624,11.721314,-5.758565,17.655,-5.736184,-30.907034,-47.430663,NA,NA,-0.900363,-8.956791,NA,NA,NA,-6.537058,-10.836105,-15.054026,-8.707299,-19.079063,-18.057928,-1.422098,-5.35244,-4.226803,0.759118,4.773375,0.630984,NA,6.431676,21.49114,NA,-1.870283,NA,5.497574,NA,13.439795,14.225467,-11.842929,2.693708,-10.528774,3.833645,NA,7.338757,-18.574352,-0.094843,NA,-4.328061,-9.318726,-14.836337,NA,NA,NA,NA,-22.481091,12.753629,NA,6.129016,-0.471659,3.686713,-14.894152,-2.042763,-9.843734,25.261133,-9.380508,2.43676,1.89493,-4.113703,5.25558,NA,-0.548657,13.767072,-11.896958,NA,1.158658,3.837202,-34.028993,NA,NA,14.576951,-9.93271,-3.681084,0.455838,G,I,J,I,NA
-13.482354,-6.153218,4.348298,12.84615,-18.789779,-16.40904,21.247246,-1.208088,NA,0.738299,-6.046953,16.489662,-3.030844,5.790937,-3.478555,-5.842887,14.306859,-4.288001,16.137769,-2.497604,NA,-39.800922,8.508835,NA,NA,-4.546915,2.569279,-4.0695,-0.246382,NA,-12.418674,-11.920217,-6.25298,-19.598793,-19.294383,2.197613,-3.525554,-2.86702,-1.961213,NA,NA,11.82806,10.131829,18.49427,-20.649815,-2.935067,-4.713976,NA,-10.867075,10.576541,19.660022,-13.194486,-0.458884,NA,5.984239,19.817994,NA,-18.371575,-3.069704,-8.842773,-5.754759,-5.251919,-12.234283,11.984786,NA,-17.292945,-5.339776,NA,15.878872,4.233722,7.483757,4.434204,NA,-12.947635,NA,-9.142919,NA,-13.296104,5.830831,-1.74711,-3.494177,NA,NA,-2.42766,16.996125,-11.802521,-2.54424,1.126767,4.052504,-32.310135,-4.087575,6.761686,14.39052,NA,NA,-1.897425,I,I,NA,I,I
17.473847,-8.394065,-0.265494,12.057547,-18.188448,-13.365944,19.92445,2.067951,NA,0.163345,-11.742848,NA,-9.382867,3.362665,NA,-15.249665,9.4235969999999991,-2.692269,17.641598,-6.636737,-33.015683,-47.701653,6.059772,-12.208181,-0.182187,-5.96779,-3.972438,-12.491417,-4.056021,-5.599933,NA,-12.628837,-9.170704,-20.748313,NA,-1.778945,-2.006391,-4.167774,NA,4.727469,-5.222305,10.936148,2.576262,21.846702,NA,NA,-7.362229,2.317405,-16.241367,17.58878,12.973581,-10.550953,-3.444772,-12.687611,5.682048,14.123225,8.051679,-19.887857,1.833162,-10.404928,-7.096097,-8.328283,-17.611348,8.609771,NA,NA,-7.524053,-23.727836,12.184583,2.47848,NA,-0.066584,4.641997,NA,-8.899285,-10.337579,23.260503,-14.426464,2.8123,-1.353242,-3.349677,2.34872,-17.938818,-5.029665,8.687961,-10.669923,-5.380247,-1.570692,-1.576536,-33.764353,-6.733171,7.208351,10.384042,-6.061497,-1.352212,-1.826206,NA,I,NA,NA,J
0.400876,-3.840295,7.526562,13.792533,-11.20417,-13.079624,NA,4.113554,6.978442,4.482099,0.958151,19.435894,-1.851929,7.675934,-0.950653,NA,17.539883,-2.37167,18.297892,-2.36002,NA,-42.857332,13.020263,-6.81704,3.88159,-4.293815,NA,NA,1.777479,-1.500242,-5.819626,NA,-4.706779,-14.70949,-18.333899,2.205897,-1.803056,1.116842,7.479461,11.117196,-0.905057,14.323477,NA,24.571513,-15.144469,0.548581,-4.011253,5.499323,-9.810174,17.747142,24.871686,-7.484932,1.151386,-4.11972,8.510362,25.091825,9.185386,-13.939927,3.299836,-3.727664,-0.65737,-0.605941,-9.765607,18.014948,NA,-14.185356,-3.712548,-19.91945,19.376685,NA,8.988488,5.196958,10.09478,-9.932669,-1.72346,-3.879565,31.379782,-6.40924,NA,3.20804,NA,7.142331,NA,2.460742,18.617862,-5.059424,3.696344,7.981684,5.477587,-28.196457,-1.648887,11.518678,13.021841,-5.598013,1.894894,3.9351409999999998,NA,I,J,I,I
-7.97686,-9.43023,2.056374,12.36876,-24.066336,-15.736132,20.713724,5.233605,5.880713,NA,-5.945684,13.390226,-8.933463,2.50257,-3.051068,-8.576912,13.080717,-5.012936,16.80767,-3.923427,-32.134617,-46.303179,NA,-10.128366,-3.46586,-10.592004,-0.034564,NA,-2.848792,-1.439949,-11.919908,-12.112776,-6.554603,-19.574422,-20.197684,-2.343443,NA,NA,-3.429179,6.749176,NA,9.140111,5.596351,NA,-25.284403,-2.810612,-9.675524,4.200451,NA,15.16452,14.789719,-12.49792,-1.237044,-9.009275,NA,19.561604,NA,-19.922007,-3.084492,NA,NA,-7.822165,-14.702976,9.34584,-3.726647,-20.914609,-8.77995,-26.204239,13.605025,2.498507,6.398399,-1.455601,1.447107,-13.683748,-9.787277,-10.176699,24.653843,-11.397168,NA,-3.537053,-4.26294,NA,NA,-3.876642,11.694577,-10.078238,-5.748961,NA,0.26082,-35.106941,NA,NA,10.215011,NA,-1.128035,-3.405706,K,I,J,G,H
35.4209,-12.557371,NA,7.282246,NA,-17.409542,21.147511,2.481557,2.67019,0.12257,-5.357417,13.635953,-2.446613,2.292868,NA,-9.387241,10.559782,-6.063765,13.817786,-5.188303,-29.047477,-49.091633,9.193465,NA,4.44197,-10.691362,NA,-7.965683,-2.958428,-2.658713,-11.440435,-11.134086,-9.864201,-22.555658,-21.274719,-0.742987,-5.932411,NA,0.769214,6.343361,-4.147564,NA,8.614578,14.76819,-24.057086,-1.956909,-11.482932,-0.398529,-13.097488,NA,16.30138,-10.650284,0.306485,-10.208026,8.499415,21.539988,NA,-18.510157,-3.619756,-9.637209,NA,NA,NA,11.400714,-6.669034,NA,NA,-23.381022,13.944278,-0.718292,6.664757,1.436172,NA,-12.081199,NA,-8.577239,22.757728,-8.049175,3.486175,-5.156484,-3.781398,2.092068,-21.067635,-6.149543,11.76686,-9.367294,-6.062574,0.002669,0.787417,-36.836963,-9.15572,-0.026005,8.095787,-9.13683,0.506049,2.247317,H,H,I,I,J
3.750164,-3.687054,4.569769,10.344829,-16.374037,-9.608645,20.052589,2.481459,5.505521,-1.684192,-5.258333,18.586788,-3.026509,NA,0.147067,-8.992916,12.17491,-3.503597,19.903489,-2.888728,-26.598594,NA,11.939091,-11.747698,3.072182,-1.862606,0.381994,NA,1.804487,-1.14041,-5.966929,-6.877437,-2.934041,-18.923326,-20.084921,0.361896,NA,-0.573536,NA,14.054191,-3.784727,12.498793,NA,NA,-16.540755,-1.471463,-2.034811,NA,-13.522889,18.88007,20.683898,-10.416322,1.488143,-3.187355,NA,19.048894,8.940095,-18.878873,0.430313,-6.088007,-4.54725,-0.910798,NA,15.282332,NA,-14.490261,-1.780488,-21.014852,15.478552,5.2811,8.327302,3.981621,7.390521,-8.308578,-7.328536,NA,31.287778,NA,9.746255,2.629933,1.189714,6.659646,NA,-4.562439,18.925743,NA,-0.662072,2.579907,NA,-33.986629,-4.077563,7.351347,15.032705,-7.188028,-0.453029,1.35368,J,H,G,K,K
47.367023,-3.514129,5.608287,16.659332,-18.447139,NA,25.568226,4.985189,NA,3.470571,NA,16.995534,-0.887923,5.781529,1.631933,NA,18.966248,-2.864681,21.401653,-5.898638,-28.307383,-46.500902,NA,-8.377208,3.522331,-5.018675,2.080836,-7.696544,NA,-2.932431,-4.851607,NA,-8.088729,-13.019352,-16.683915,-2.798542,-3.046104,-1.749567,NA,7.428709,-0.991708,14.550148,8.688439,23.104207,-16.571476,2.560025,-4.864184,6.040055,-11.527919,18.50893,18.597077,-5.349158,2.349348,-9.424357,8.329237,20.146044,7.758255,-15.268352,NA,-5.235447,3.05055,-2.671845,-10.064198,13.283473,-4.643445,-20.527833,-9.340278,-21.313777,14.342384,NA,NA,2.320671,8.429234,-10.9068,NA,-4.54118,26.669083,-10.208297,7.398661,5.435228,NA,3.955477,-21.227732,3.775492,13.200878,-6.049866,0.050525,3.418098,NA,-26.608548,-8.332937,9.46791,16.133972,-4.993935,3.796126,3.213263,NA,NA,J,H,K
-67.820628,-5.172696,NA,13.720242,-17.394333,-11.608401,27.361509,2.146896,4.748486,9.791346,-1.486624,12.334805,-1.375232,6.948931,0.497652,-4.581678,17.898063,-5.717538,18.022159,-4.350725,-26.82391,-42.887409,12.778472,-9.937682,0.789612,-4.508818,3.362263,-2.982966,2.721856,-4.567064,-8.262039,NA,-5.581726,-15.339594,-14.154256,2.750022,-3.491004,-0.19707,1.641231,NA,0.631768,NA,10.943776,22.333345,NA,-2.634795,-6.463935,NA,-7.360546,16.278612,16.695694,NA,NA,-9.674078,7.382255,20.828226,8.866768,-16.364635,-2.009065,-5.485299,-2.272956,-10.84402,NA,9.336397,NA,NA,-8.371227,-23.452671,17.914965,7.473231,6.644369,2.547247,5.257375,-14.126802,NA,-6.657377,26.715126,NA,3.53484,NA,-1.996712,4.931963,NA,2.697059,15.56842,-5.570491,-2.58363,0.755987,4.722025,-24.734686,NA,5.602911,9.15288,-8.62137,2.289277,-0.011575,H,I,G,H,H
0.278023,NA,3.639445,12.004993,-18.1157,-13.318329,24.8756,3.379433,4.757035,2.427278,-5.288929,12.935104,NA,NA,-3.663802,NA,17.022181,NA,19.386748,-6.975013,NA,-48.106578,9.107053,-11.270338,1.843017,-7.494489,-2.417253,-6.472583,1.863391,1.151877,-9.682977,NA,-8.010707,NA,-21.889093,-1.375402,-7.318971,-4.011397,-1.08426,7.24557,-0.701819,9.031277,NA,18.680381,-22.676929,1.866654,-4.681443,2.098861,-12.797529,15.35256,15.730567,-5.073683,2.141759,-8.873748,7.35785,22.169844,NA,NA,-4.884227,-3.937318,-3.003621,NA,-10.460603,10.111088,-8.517202,-19.664542,-7.042967,NA,16.459929,1.807587,NA,2.978781,3.860376,-12.035822,-9.897774,NA,NA,-8.663286,2.614427,-0.572445,-6.104579,3.316238,-17.83154,-2.898856,18.673644,-6.323692,NA,3.450045,2.393597,-33.08333,-3.416859,3.488993,14.289806,-5.542402,-1.705282,2.163727,NA,I,K,K,H
68.474442,NA,0.60739,13.926776,NA,-18.549064,24.403069,3.31364,3.596511,4.19291,-7.896056,10.942892,NA,-2.377952,-4.541617,-10.955635,10.991292,-7.473519,15.35776,-4.419382,-37.261522,-47.299263,NA,-16.805263,-4.833761,-14.664241,NA,NA,-8.821224,1.082294,-11.028842,NA,NA,-23.611319,-19.930487,-3.39822,-4.754291,-7.333479,-3.186313,NA,NA,NA,1.692338,14.507725,-30.664854,-6.733886,-15.131204,2.339267,-13.029695,12.746867,12.282427,-11.655127,-5.522777,NA,NA,18.097023,7.115755,NA,-4.295022,-8.807457,-2.146133,-9.10949,NA,8.844567,NA,-24.007121,-6.542217,-25.844589,NA,NA,8.922981,-0.772746,-1.573232,NA,-8.582043,-9.808281,19.990151,NA,-1.79784,-7.380488,-10.278313,0.877013,NA,-1.542786,14.141622,-14.591128,-4.281644,-0.551916,-0.896899,-35.964818,NA,6.114362,6.943624,-6.940807,-4.267675,-5.391828,NA,I,J,H,J
21.620299,-7.421212,4.721454,10.98309,-18.765915,-14.852324,23.680197,4.277369,4.665428,0.794222,-4.462022,17.839104,-4.461878,6.823229,1.66944,-10.501024,NA,-5.505371,NA,-3.036588,-27.267748,-46.5872,11.705764,-10.687002,3.32969,NA,-2.230828,NA,-0.38801,-3.828559,-9.319951,-10.178733,NA,-19.231548,-21.073455,NA,NA,NA,NA,8.296143,-4.93607,NA,7.047963,NA,-16.222601,0.013452,-6.677348,3.30732,-12.341914,19.093216,22.442229,-10.510128,-1.056629,-7.794476,NA,19.000891,7.095447,-16.535606,3.814213,-7.222272,-0.927023,-2.22327,-9.086452,11.171011,-6.26863,-19.803841,-4.874569,-19.81708,15.546729,6.253698,4.571979,2.840737,NA,-11.068745,-4.616984,-4.951707,30.892365,-9.79563,5.947311,0.316844,2.960572,2.871396,-21.879193,1.364946,15.449527,-6.068071,1.160437,4.238653,1.57551,NA,-5.032407,13.406027,NA,-6.670676,NA,-0.398572,H,H,NA,I,J
-11.748731,-9.743504,NA,12.722157,-17.147458,-12.019766,27.04628,8.456998,4.36746,10.718729,-2.004843,19.663089,-5.732785,8.80616,NA,-3.836218,19.237278,-2.172268,19.475652,0.542562,-26.28646,-41.814828,12.146514,NA,3.34389,-6.51474,3.493146,-1.014233,1.984761,1.672527,-10.10158,-11.098758,-6.185536,-18.660099,-18.813746,3.14951,-1.371383,2.901484,4.072276,9.030706,NA,12.623153,NA,18.621504,-18.45382,-1.066481,-5.881496,NA,-10.985205,17.65571,NA,-10.456088,NA,-8.655212,7.487393,24.7823,13.85865,-14.256384,-0.381911,-8.309555,NA,-4.728847,-7.033573,12.348225,-5.958666,NA,NA,-21.29965,16.936911,1.703954,11.728417,4.798836,NA,-11.827411,-4.767394,-5.458471,31.277347,-9.640589,0.179325,NA,0.012351000000000001,3.7738,-17.629251,NA,17.279339,-4.634817,-1.843255,8.900762,NA,-30.81699,-4.363,10.585721,10.989828,-4.418115,2.836347,4.4595,K,I,G,J,K
8.249091,-5.174329,4.420619,11.380808,-15.347938,-12.468628,22.414483,NA,4.507979,-0.87126,-3.637188,18.03532,NA,3.508849,-0.679472,-10.081616,12.725185,-0.322543,20.498199,-2.384634,-26.371692,-43.008568,12.229736,-10.010031,2.606211,-5.019084,3.007973,-9.221417,NA,NA,-10.038669,-4.746212,-3.976303,-19.937859,-15.698434,2.937379,-3.117049,-5.295298,0.002486,NA,-0.37791,14.696932,7.454747,22.033473,-19.462936,-1.467971,NA,3.663192,-9.401473,NA,20.214632,-10.930165,-0.050225,-6.40334,NA,19.037597,7.339304,-12.624546,0.952751,NA,-3.162728,-3.07333,-16.351893,NA,-1.182808,-20.605784,-2.996138,-20.435507,14.195367,6.523259,5.636971,-1.390467,11.621799,-10.698661,-7.911429,-3.419804,NA,-10.043317,9.132165,-0.504641,0.308556,3.459691,-18.556223,0.885077,13.86694,NA,-1.731489,1.562459,3.004035,-32.748965,-6.930624,7.879057,11.871515,-7.194015,6.254642,-2.18112,K,H,J,H,I
-13.553662,-12.636923,8.998072,NA,-15.533374,-12.666575,20.31457,-0.721733,NA,3.546066,-6.300375,13.046025,-5.735158,NA,-1.790838,-8.596423,11.819733,-9.05848,14.574803,-3.804323,NA,-47.28515,NA,-10.269428,-1.64655,-1.722115,2.865371,-7.563346,-0.067464,NA,-8.33208,-16.37582,-8.143192,-20.035314,NA,NA,-1.99255,-3.407141,1.337053,10.289913,NA,8.965116,9.413973,19.602626,-16.262663,-1.908445,NA,4.727013,-7.920032,13.886949,18.571065,-12.50127,-3.46532,-9.671395,NA,17.593727,5.381501,-13.973137,-2.200095,-7.35058,-7.339577,-7.746966,-14.381609,11.627804,-7.885257,-17.72414,NA,-22.438876,NA,1.74278,3.424598,1.134853,NA,-12.162188,-7.586039,-8.319401,23.686943,-7.754508,5.735745,-1.649864,-0.911919,5.971264,-22.914878,-6.5238950000000004,14.521665,NA,-9.305531,-1.122216,5.067102,-31.696935,NA,8.394805,10.182733,-11.040749,1.895955,-0.436706,I,I,K,J,H
3.174063,-7.766572,2.776208,12.892443,-24.096899,-12.400152,NA,9.26739,7.200085,NA,-0.607292,16.514211,-8.012693,6.57403,-3.920841,-8.210209,15.956041,-6.16705,19.16283,-6.012545,-32.701481,-48.098917,7.869676,-8.12585,-4.223834,NA,2.657277,-4.125843,-0.720753,-0.789381,-10.594412,-10.586167,-5.349594,-19.39864,-19.756454,-7.49032,NA,-5.020079,-3.33125,5.255522,-1.38221,14.046773,4.837724,19.151228,-19.588327,-0.179348,-8.328294,2.326754,-7.870416,17.888004,14.76548,-12.461241,4.858309,-12.206154,NA,17.036364,NA,-17.33872,-2.243963,-9.544874,1.285932,-8.233198,-8.816007,10.533889,-7.698837,-21.191529,-6.836866,-22.852417,14.678707,1.723659,NA,-1.363256,1.790867,-11.329744,NA,-8.381819,27.324271,-6.735955,-0.229252,-4.172109,-4.147363,2.919458,-25.751937,-0.543578,16.958872,-9.171639,-2.700049,3.240649,5.859341,-32.055237,-10.070295,9.310174,13.943662,-8.889937,NA,-0.375308,G,I,I,H,NA
12.232359,-1.600188,10.267372,16.613435,-14.899701,-10.579898,28.776886,12.182279,11.944142,7.327707,-1.545951,14.96681,0.061129,8.149509,3.627349,-3.742936,18.997026,-0.498214,17.523873,NA,-25.24456,NA,12.770129,-6.787102,8.433857,-2.677401,1.730938,-0.233383,3.791314,2.670893,-4.216034,-5.63574,-3.033455,-14.717822,-12.317552,5.732126,-0.684352,4.696001,NA,14.292016,0.579991,16.435673,9.752302,22.959252,-18.411777,NA,-4.336529,4.455535,-8.226295,21.996537,23.104013,-5.190351,NA,-5.658008,11.520054,29.255159,8.405515,-15.495245,1.206585,-2.180639,1.867671,-0.718724,-9.706774,12.841969,-0.202231,-15.838884,-3.429314,-21.223613,22.447263,10.077305,11.057686,9.24103,5.921144,-8.69044,-7.450739,-3.111174,29.975681,-1.451588,9.771124,3e-4,-0.074682,13.343612,-14.82806,2.397212,21.933008,NA,3.7274,5.549433,6.116305,-25.235793,NA,7.275501,11.952426,-1.64303,2.169413,NA,J,I,K,H,J
56.818449,-7.657617,3.632522,NA,-16.591184,-16.708607,24.591872,5.857109,8.239048,-1.282063,-8.191094,NA,-5.608707,4.983182,NA,-7.127523,18.138754,-2.046362,NA,-6.521164,NA,-43.52673,8.007157,-11.384539,-1.499955,-1.974873,0.068638,-7.193964,2.149245,-5.598327,-7.918532,-11.409548,-6.478687,-16.534091,-20.50024,-1.142696,-5.963374,-0.181171,-1.234775,7.650407,-1.722894,9.187795,6.345325,21.22377,-18.573266,-3.569719,-4.733944,3.88285,-12.330599,12.97454,NA,-11.421466,1.356483,NA,5.802625,19.221126,6.710537,-17.092536,-1.440357,-8.166147,-4.295584,NA,-11.312618,12.432894,-2.617647,-21.816218,-5.740531,-22.805707,15.018248,4.397144,5.38061,7.617523,NA,-9.238079,-5.519265,-10.308279,31.17193,-13.234965,5.265216,-0.331888,-3.237235,7.4236510000000004,-20.800332,0.039613,16.720878,-9.5285,-1.336923,3.050322,3.938548,-33.784429,-5.646572,8.196949,15.715704,-7.542067,-4.892792,-1.779753,J,I,I,NA,H
-59.616089,-4.818419,8.121907,15.988205,-10.143062,-8.58578,25.868419,4.092377,6.154084,5.873428,0.371908,16.559152,-0.24337,NA,NA,NA,14.48353,-2.48998,NA,-2.466858,NA,-41.540453,11.969001,-2.605423,NA,-5.018197,NA,1.279685,3.383536,-1.386744,NA,-10.187137,-8.102175,-15.722141,-13.802434,NA,-6.041469,NA,2.432868,10.69876,3.251269,15.012563,10.898581,25.027993,-17.116738,-0.368241,-2.875272,8.781105,-7.571118,17.84905,22.036263,-11.633115,NA,-8.144554,9.465644,22.822214,NA,-11.621575,3.464145,-7.1126760000000004,-2.193818,-6.047855,-12.381251,14.405615,0.781788,NA,-5.777421,NA,17.801636,NA,9.269309,2.617941,8.987485,-13.398165,-3.849867,NA,27.233661,-6.359187,7.50872,0.67161,NA,6.644306,-14.373032,0.983325,17.331527,-6.075378,-1.088814,NA,6.101271,-27.288655,NA,8.698023,13.091535,-6.067774,5.523366,5.795074,J,I,NA,NA,J
-8.142161,-6.415807,10.679609,20.894608,-11.105606,-7.642296,28.713627,5.574588,8.027777,9.453774,5.272694,NA,0.566871,6.052318,NA,-3.545985,19.030547,1.12572,NA,-0.043395,-25.813902,-36.858906,15.200484,-5.595276,NA,-1.541251,NA,NA,0.130152,4.962823,-5.068905,-8.125117,-5.151441,NA,-14.294523,7.890937,2.27835,1.367736,3.915596,17.617572,3.903828,18.121887,NA,29.886884,-13.210024,5.059013,NA,13.443155,NA,21.306674,25.906723,-3.304426,5.372679,NA,10.880913,21.362188,12.450393,-12.823348,NA,-1.162223,-0.493042,-0.584311,NA,15.641941,-5.140055,-14.381687,-2.150747,-17.774858,NA,6.944773,12.285225,6.694675,11.365045,-9.686789,1.244002,-3.670201,NA,NA,12.84931,NA,5.491173,12.914264,-13.582083,6.725804,22.612823,-4.649129,2.760193,9.057425,5.377418,-28.066283,-3.566959,10.148287,13.554543,-1.753489,4.930232,7.585587,NA,NA,J,G,I
-0.654236,-5.597157,NA,17.838411,-10.491111,-11.322721,NA,4.590472,8.52824,4.809117,NA,NA,0.187297,8.510478,NA,-4.268488,17.93113,0.040818,17.00796,1.343765,-19.377844,-39.857573,14.384492,-6.18027,4.23973,NA,5.503326,-3.908492,3.637907,-0.35173,-4.836305,-9.601825,-2.163422,-15.941684,-14.102149,7.299567,NA,NA,4.056309,14.352648,1.263691,NA,12.757958,22.65664,-15.560083,0.438409,-1.93998,6.076977,NA,16.787398,25.362099,-9.101592,0.317575,-1.779148,10.512285,22.761683,12.609608,-10.682109,NA,-2.686055,-1.913339,1.131485,-10.720074,14.538586,-0.090978,-15.978069,2.007492,-19.960614,20.969947,6.165139,9.167433,4.050924,8.782128,-7.098559,-2.046392,-2.671354,28.463438,-9.076118,10.177109,2.067706,2.079761,9.856315,NA,0.892361,20.779803,NA,-3.371659,3.967918,8.627822,-29.323282,1.532274,NA,NA,-6.881264,5.688476,2.503633,H,I,I,G,NA
50.118282,-10.282485,7.081963,9.116464,-18.303409,-11.307426,26.607573,0.863129,7.55886,NA,-5.074233,NA,0.757557,2.344682,0.474777,-13.123994,11.676901,-4.367919,15.810593,-8.696447,-31.754965,-46.679745,9.761438,-15.190977,4.650248,-3.646085,0.021279,-7.643366,NA,-1.176621,-4.941249,-13.341465,-6.77828,-19.541168,-15.034368,5.437756,NA,-2.450845,3.021711,11.813722,-4.018993,12.486075,10.007921,21.417172,-21.505071,-4.118994,-8.643151,2.487082,NA,NA,18.939755,-10.372961,-5.716765,-12.555485,11.33621,20.703546,7.081758,-15.657305,0.304006,-7.818423,-8.540571,-6.542742,-14.137827,12.288552,-6.989777,-19.962402,-2.362879,NA,15.074199,2.316588,3.610186,3.806639,1.946371,NA,NA,-9.117277,23.087734,-10.552092,NA,-2.052692,1.683805,3.580296,-21.457492,-2.942275,11.619532,NA,-7.411297,-1.2560500000000001,1.96497,-31.912544,-5.763796,1.909402,9.197469,-12.380303,2.584631,2.053304,G,H,NA,I,H
130.164249,-10.286258,4.7293,12.231543,-20.424741,NA,19.314369,-1.615151,3.206033,-3.104634,-4.768632,NA,-4.218915,1.184928,-4.498883,-9.666124,11.917544,-2.971934,17.938435,-7.904588,-30.37408,NA,7.864748,-15.290216,NA,NA,-2.764525,-8.535115,-1.881401,-7.042116,-12.472506,-13.175036,-5.578774,-20.964595,NA,NA,-7.1142,-6.013906,1.350417,6.248082,-5.001601,8.377512,7.295991,16.334922,-25.427068,-3.714713,-12.842922,3.594137,-12.275456,13.178068,16.555086,-14.44152,0.872482,-13.857905,3.46227,15.563284,7.662286,NA,NA,-8.540926,NA,-2.905906,-15.459538,11.756899,-6.903335,NA,-8.040003,-25.517653,NA,0.342314,4.133177,-2.279293,2.985275,-11.146102,-3.756067,-10.167253,25.572491,-14.085586,-0.419445,NA,-4.097402,3.611294,NA,-2.86452,10.542211,-11.651705,-4.174581,-0.214995,-1.407321,-38.740756,-9.877667,NA,10.598945,-10.73386,-2.076614,-1.945633,J,I,G,H,G
-6.223318,-9.600811,4.466443,NA,-16.912632,-16.923424,NA,-0.44940600000000003,3.239584,1.306906,-5.348358,12.800218,-4.571688,NA,-1.608006,-11.644258,8.873634,-6.554427,12.711471,-4.350721,-30.946414,-47.532698,9.333133,-10.537554,NA,-6.972656,-3.362872,-8.364778,NA,-5.539375,-12.886896,-14.456147,-7.592857,-22.22575,-21.281328,-0.547606,-5.773249,-4.24713,NA,5.589955,-5.327658,10.412184,6.8888,NA,-21.856641,-3.598012,-9.91841,NA,-12.697076,17.861136,15.97683,-15.384341,-0.476745,-12.794095,6.612345,16.628636,6.414646,-17.875456,-2.87074,-8.786923,-5.659277,-9.1240849999999991,-17.169294,10.369286,-8.170333,-20.387368,-7.692297,NA,16.469337,1.121354,3.75251,NA,3.161404,-12.982782,-8.155263,-9.181913,23.542382,-9.376747,1.627965,-1.421613,-3.174033,2.552388,-23.02306,NA,13.07353,-10.634866,-4.674549,1.548195,3.548852,-32.278209,-5.967175,5.239171,10.181405,-9.591583,-3.161703,-2.537631,NA,NA,NA,I,NA
-0.836434,-10.828904,5.633926,10.882225,-17.242964,-15.851316,22.426317,3.061121,6.081354,2.004524,-6.497165,15.921229,-4.492379,4.327436,2.421509,-6.275884,11.533258,-7.332624,NA,-4.322625,-25.75397,-46.907131,16.15603,-10.333535,1.334239,0.890141,1.510559,-8.45047,1.742817,-3.952638,-6.199416,-8.679919,NA,-18.034258,-18.478226,-0.51003,-1.882084,NA,1.920957,7.887945,-4.330574,9.791835,6.309509,23.563392,-16.543327,0.98581,-7.172383,NA,-7.629175,15.693326,18.949004,-12.671941,NA,-6.498308,10.424243,19.579716,5.618037,-15.199829,-2.101515,-5.646924,-4.750919,-5.698895,-14.830458,12.887565,-7.670848,-22.421394,-9.809289,NA,NA,4.122577,4.949085,3.469473,2.855078,-12.239288,-6.872288,-10.36468,29.06295,-7.764076,5.744514,2.302094,-0.702998,2.400014,-24.032912,-5.676314,15.835341,NA,-8.308337,1.868554,4.774924,-35.001579,-4.708802,5.358913,14.302409,NA,NA,-2.212697,I,NA,H,H,NA
-11.77207,NA,5.886594,9.194289,-14.339081,-14.036146,23.797567,NA,4.164196,3.22752,-5.660782,16.243354,-1.416953,NA,0.594629,NA,14.227729,-3.407888,19.952775,-2.03585,NA,-49.161457,13.94372,-6.7573549999999996,4.962804,-2.992118,1.740297,-5.15056,1.645446,0.151616,-11.465744,-13.16317,-8.328072,-20.161078,-23.184796,NA,-2.130963,-2.978353,2.043813,10.138006,4.047986,6.8716,7.198505,19.985759,-20.478877,2.466892,-9.48147,6.885803,-7.165267,21.230464,20.296389,-7.518874,4.45247,NA,7.882719,NA,10.555228,-13.652611,NA,-6.080518,-4.883408,-4.889407,NA,13.622554,-8.374413,-15.493211,-8.581709,-21.389239,15.393899,3.41301,11.275843,NA,NA,-11.762708,-4.710537,-3.488409,NA,NA,NA,NA,0.522545,NA,-22.69859,0.42608,14.640329,-3.284392,-2.844014,NA,6.636848,NA,-2.190577,6.491593,9.956301,-4.608758,2.008337,4.884287,J,H,H,G,H
30.58884,-7.213279,NA,14.61719,NA,-11.013689,23.79768,5.001238,9.432994,7.350206,0.665309,NA,-5.547836,7.128283,1.247463,NA,16.387397,-0.940526,18.645522,-3.166167,-32.058389,-41.082761,11.565489,-6.336854,-1.731637,-5.943908,-0.777192,NA,-0.946628,0.513173,-6.363522,-10.323866,-3.128227,-18.328808,NA,-0.998064,-0.846488,1.952035,4.761088,10.750193,-1.483519,15.40237,7.297968,27.412347,-17.539988,-0.98755,-4.509097,12.548572,-13.411378,21.19415,17.522297,-9.798173,1.448842,-11.954885,9.556424,21.051351,11.980773,-11.892216,-2.667636,-7.825971,0.545609,-3.171342,-11.243015,15.027909,-2.154927,NA,-4.32229,-25.362802,18.403854,4.535057,7.080626,7.089205,4.791878,NA,-1.238502,-9.514452,29.738576,NA,8.070451,2.401647,-2.247235,8.692608,-18.275526,3.342565,13.761855,NA,-1.667183,3.849996,5.2386,NA,-4.1666,9.617757,13.855845,-1.268347,-1.11383,3.364521,K,I,NA,K,J
29.966203,-5.911848,6.185602,12.578586,-15.745116,NA,NA,NA,6.099456,NA,-8.930288,15.875797,NA,2.845072,1.291419,-8.828457,NA,-9.143198,15.683557,-2.119704,NA,-47.25505,10.429885,-11.948427,-0.979393,-7.520232,NA,-10.298298,-1.559306,-1.608285,-9.44085,-13.551516,-7.624533,NA,-19.385638,-2.225048,-3.955794,-4.046635,-0.95704,NA,-0.137942,7.799256,7.304902,20.511771,-25.016555,-0.621665,-6.839622,4.870756,-11.65944,17.510752,14.568641,-8.780184,-1.250728,NA,4.752332,19.446752,7.467393,-18.682607,-0.922593,-7.371141,-3.472466,-6.86497,NA,11.071157,-4.254214,-21.047801,-3.317941,-22.576754,16.419853,NA,6.309715,2.141707,NA,NA,-4.901676,-8.1091,23.767641,-9.582982,NA,-0.615858,-8.144731,3.955162,-18.420531,-1.919773,14.357725,NA,NA,-1.141589,3.077101,-34.546103,-1.494962,5.957058,14.131679,-7.036858,-3.128014,0.334584,NA,I,NA,NA,G
34.109045,NA,7.356212,13.539096,-16.453854,-11.439722,24.716627,4.365112,8.706776,3.71155,NA,18.939307,NA,NA,0.089355,-5.076687,15.442863,-0.223264,23.751381,-4.289981,-25.569741,-44.34917,15.190752,-9.408586,NA,NA,5.178737,-5.158104,-2.009004,0.13994500000000001,NA,-9.201439,NA,NA,-16.14971,NA,-1.217102,-3.186196,3.947677,11.766779,0.391289,14.623422,8.624073,23.099113,-18.062351,NA,-9.705015,NA,-3.419311,20.22074,22.132592,-10.588836,2.709049,-7.746373,9.085663,NA,9.600157,-11.573332,1.187723,-5.323518,NA,NA,-11.579125,17.464285,-4.722957,-19.139098,-2.625557,-19.609977,16.926957,8.382358,7.619829,NA,8.992528,NA,-2.662548,-2.253835,29.072117,-5.370915,5.91225,0.069224,2.619415,NA,-23.2679,4.295512,14.89951,-5.770181,NA,5.030783,7.334123,-31.012985,NA,10.084255,13.112049,-6.187106,5.742969,0.898354,NA,I,H,G,H
-15.30982,-5.260469,7.190499,12.932967,-15.652033,-11.856301,24.343532,4.366986,6.191214,NA,-3.145263,18.749367,-1.287288,NA,-3.630092,-9.387541,NA,NA,NA,-2.823821,-27.909593,-46.708788,13.382828,-8.959814,3.807487,-4.961639,NA,-8.343216,2.452243,-0.035726,-9.203686,-6.568034,-5.191029,-20.42553,-15.119494,2.415587,-4.407423,NA,2.797905,NA,-1.824153,NA,9.269486,20.314562,-18.964512,0.073854,-5.442071,3.877796,-7.09522,NA,23.158132,-11.386929,-1.38342,-3.348749,10.430298,23.996154,8.252852,-12.671175,-1.278934,-4.072712,-0.604714,-3.760135,-10.723622,15.121746,-3.932374,-19.90391,-1.036732,-22.186895,17.30061,3.169904,8.793564,0.244999,8.590238,-9.478269,-8.364693,-2.344785,22.496934,-5.880541,4.809848,-2.453716,-2.943737,3.568565,-18.958055,-2.535499,NA,-6.055529,-4.060684,NA,6.42215,-30.542897,-2.663551,7.976103,13.235046,-6.223289,3.60233,2.052419,K,I,I,I,I
17.071553,-8.322585,10.822181,16.469028,-14.373534,-16.899365,NA,1.775394,6.161384,9.390804,-5.883361,24.03859,-3.127249,8.677922,2.699394,-3.712639,16.213282,0.80476,18.599917,NA,-22.384179,-44.421804,15.368183,-6.279591,2.962059,-2.909286,2.39512,-6.796862,NA,-2.376901,-9.151685,-9.035838,-3.53114,-20.572099,-16.691317,8.067589,1.714943,0.672228,NA,7.154406,1.97087,9.896548,13.136531,17.577592,NA,-0.927476,-11.240013,8.73027,-9.635176,14.997652,17.105908,-8.033563,NA,-9.876654,9.757107,25.330512,14.018612,-7.076082,0.131562,-8.33243,1.05958,-1.271662,-13.494313,12.669221,-0.478655,-21.893665,-4.00141,-18.950064,17.437956,0.314502,6.786551,2.44562,10.350494,-8.318385,0.024694,-4.195298,NA,NA,6.418614,-2.282135,NA,5.981323,-17.25836,1.192998,12.507641,NA,-2.23448,2.122282,3.683936,NA,-0.470778,10.398809,13.321489,-4.95747,6.09804,NA,J,NA,H,NA,J
38.057045,-11.494641,5.436936,NA,-19.87866,-14.934043,26.422637,4.556731,5.463631,NA,0.573783,17.132326,NA,4.2591,NA,-10.780182,16.139856,-7.646993,NA,-0.347602,-28.937921,-47.826875,9.941564,-10.205409,4.869409,-10.544582,-4.156848,-8.704412,NA,2.402515,-5.770736,-11.433483,-5.981408,-22.246629,-21.427004,-1.097959,-4.307216,0.54585,NA,9.979075,-5.461765,10.181978,9.611517,17.891998,-19.640564,2.352557,NA,NA,-13.225946,22.329819,22.398002,-9.146393,-0.805266,-9.123628,9.853657,NA,8.415744,-16.16814,-3.498478,NA,0.586316,3.442815,-6.557672,NA,NA,-18.471269,NA,-23.598213,NA,2.147832,4.062492,4.921636,3.20061,NA,-5.437791,-5.58115,27.231673,-9.244546,6.412134,0.576687,0.984138,4.836293,NA,-0.935296,14.898268,-8.134759,-3.145094,3.328329,1.830677,-32.89811,-8.570659,9.0255,12.63436,-6.93966,0.562096,4.593065,J,H,NA,K,G
4.139087,-9.503689,4.510862,12.844167,-19.679087,-17.794768,22.915971,0.716756,NA,6.311099,-3.212054,15.562545,-5.238444,3.381631,-2.277801,-7.915627,14.517536,-2.516982,15.790501,-4.050312,-29.351759,-46.914907,7.410932,-13.170636,-1.040917,-7.73374,0.955629,-8.188032,-5.540774,1.49874,NA,-10.240676,-11.343598,-19.943758,-21.508951,1.270523,-1.780877,-7.229394,1.879305,NA,-4.461038,NA,9.708748,18.794007,-18.837901,-4.050297,-16.20349,1.053966,-9.650565,NA,18.751486,-11.906454,NA,NA,4.573512,22.846653,8.424986,-15.482463,NA,-8.207544,-1.394034,-6.580637,-10.057263,12.598369,NA,-20.700292,-4.156567,-25.594277,18.896035,1.880584,NA,0.325515,6.549422,-7.632923,-7.734082,-7.459783,24.133995,-7.288549,8.187626,-3.297294,-5.536639,NA,NA,2.994519,17.257942,-12.711095,-3.636627,0.854128,1.726648,-33.249828,-8.755657,4.799236,11.045883,-13.79294,1.027682,-1.285935,I,I,K,H,G
-30.922959,-3.131061,7.662639,NA,-13.701717,-14.021892,NA,NA,7.564761,6.505944,-2.229012,15.261412,NA,3.29506,2.354693,NA,NA,-1.23202,19.708494,1.794089,-29.52463,-44.27852,13.554445,-5.507276,NA,-2.982623,2.466733,-3.677721,2.393935,3.735839,-7.064875,-8.328754,-7.267512,NA,-17.90217,2.368449,0.498293,-0.54798500000000006,1.75727,10.000348,3.216168,13.456022,9.413502,22.509116,-19.09062,4.598612,-5.345223,NA,-5.345456,21.692714,21.243151,-3.750531,2.591623,-1.551536,7.184412,23.258075,8.394869,-14.37126,1.33009,-2.035042,-1.216997,-3.674721,-12.006001,16.305098,-4.222936,-15.854995,-2.77671,-18.647156,19.096114,8.692933,11.147628,2.575683,9.827137,-10.364701,-2.335669,-1.199082,25.045186,-3.758222,5.519103,1.555069,NA,6.635703,-16.644701,2.506984,19.886412,-4.368171,-0.84705,8.358941,8.605843,-31.243201,-0.759206,11.884907,14.454177,-1.548016,3.980667,2.9022,J,I,I,K,H
80.554371,-10.206274,6.806803,10.742882,-20.440632,-17.060752,NA,2.652598,3.443008,2.874773,-5.380608,14.813781,-2.960236,6.251498,-1.199107,-12.716348,13.084251,-10.036623,11.901483,NA,-29.621578,-47.454209,8.058367,NA,0.30798,-8.006953,0.71404,-6.226466,-2.635395,NA,-8.849537,-14.582204,-12.270564,-21.5667,-20.577305,-3.592224,NA,-5.260845,NA,NA,-5.823448,10.847858,6.482015,18.976433,NA,-3.000149,-7.511883,NA,-13.593823,15.121293,NA,-14.080967,-3.470186,NA,6.906137,21.061592,2.590091,-15.742798,-3.586965,NA,-2.969633,-4.875872,NA,11.685347,-7.65417,-24.191185,-7.570559,-23.334524,12.50568,0.306357,0.875994,1.591689,1.172193,-13.080854,-7.286647,NA,23.136414,NA,4.31201,-4.494499,-2.498345,0.532901,-24.590764,-1.769958,NA,-10.800041,-6.912959,-0.005782,2.447123,NA,-7.469889,8.192472,11.24983,-9.484417,NA,-0.291755,G,H,K,I,H
15.277579,-13.877521,3.939877,12.292524,-20.819613,-13.356252,23.404095,2.960472,3.399207,6.972364,-3.41086,15.848436,-5.346288,6.856531,-0.946811,-6.727541,NA,NA,20.754575,-4.448013,-29.493074,NA,14.09659,NA,NA,NA,NA,NA,NA,0.19753,-7.6029350000000004,-12.25374,-6.861419,-15.756557,-22.069939,-1.804673,-1.797904,-0.173773,2.227689,9.210518,-3.090666,10.207192,4.127965,20.344462,-19.191804,-0.878556,-11.236438,6.839972,-10.929518,15.952215,15.951645,-9.011812,1.910534,-11.486313,11.681836,17.798574,14.398699,-14.971259,NA,-5.270314,-2.120118,NA,-10.352302,8.941654,-10.119878,-16.71623,-11.66783,-23.202656,NA,3.263774,10.620027,NA,0.9985,-10.432909,-4.295273,NA,29.1384,-8.932122,3.584306,-0.372657,-1.442032,3.518458,-23.278183,-1.505793,12.187157,-7.20647,-7.632092,NA,1.391454,-34.203216,NA,7.200144,NA,-4.954293,NA,4.41403,H,I,I,J,K
15.113668,-3.746623,NA,14.898749,-17.262103,-15.406944,25.744304,4.157661,6.127105,2.83928,-3.862928,15.684917,-0.090864,5.861559,0.931485,-7.161818,12.942835,-3.48324,NA,NA,-23.777791,-46.178505,13.665573,-7.097023,3.476951,NA,5.101002,-3.239865,0.973663,NA,-6.778304,NA,-7.285776,-15.270249,-17.50333,2.120175,-5.681618,-1.054835,2.94296,7.324819,-4.350815,12.029595,8.055684,NA,-20.092032,-4.678022,-3.848234,4.563907,-7.670897,13.99374,19.528807,-11.624079,2.327706,-8.708893,11.477268,21.962161,9.87691,-13.479961,0.558324,-7.630839,0.161278,NA,-13.932365,13.847002,-2.859443,-22.188802,-3.157431,-20.40143,16.912394,NA,8.251828,3.897021,NA,-9.141916,-3.639646,-2.856945,24.853046,-5.248745,5.274639,-0.959741,NA,7.120835,-18.491411,-3.608831,NA,-11.106571,-2.473629,3.219622,7.296911,-31.600305,-1.008369,NA,17.348757,-6.059881,4.196626,1.168894,H,I,G,NA,H
-0.623049,-4.31154,7.208115,NA,-17.232457,-11.173426,24.660276,NA,8.513152,4.32702,1.55696,21.079026,-0.988014,8.899661,2.522731,-1.210902,20.291495,-1.976909,22.904749,-1.382505,-23.46668,-42.017592,14.198497,-5.041031,4.523401,-2.860616,6.803846,-1.036937,1.499848,1.482985,-5.462416,-5.652516,-4.550451,-14.498742,-16.759364,3.117883,-0.271952,NA,3.279488,12.837517,1.838287,14.116858,11.605252,22.922808,-14.616093,2.615277,-4.824477,6.957999,-6.213517,15.934602,NA,-7.853387,NA,-5.072883,10.194037,25.265541,8.396352,-11.509292,0.155627,-3.901936,NA,0.610639,-7.034758,14.947587,-1.646116,NA,-5.889499,NA,17.106634,6.957284,8.724299,NA,10.147448,NA,-2.69141,NA,32.929269,-4.455325,10.970184,3.185039,NA,9.851458,-18.84772,NA,NA,-1.862061,1.54128,6.440714,4.503169,-29.506432,-6.276006,9.753088,17.345148,-3.650362,3.535945,NA,H,I,I,J,K
102.295957,-15.662503,0.521416,7.628422,-18.867588,-20.632873,20.905762,-3.530738,0.965488,NA,-12.522048,13.719162,-8.704974,-3.298958,NA,-19.369709,8.968884,NA,NA,-9.813252,-36.648267,-49.976945,NA,-16.071466,-3.953402,-9.670506,-5.85685,-16.61091,-5.773088,NA,NA,NA,-15.146924,-28.792132,-23.698619,-3.915377,NA,-7.522376,-3.823721,3.323364,-4.615669,5.020396,NA,16.351615,-23.760739,-8.247284,-11.357118,0.10612,-20.347033,12.01617,12.657813,NA,-8.376837,-15.49341,-0.877389,12.851759,2.662121,-15.821799,-6.772702,-13.345853,NA,-9.124164,-19.056005,NA,-10.397513,NA,-8.615123,-29.222417,7.806674,-7.838312,-0.945831,-2.641511,1.290398,-13.464804,-11.657238,-14.69244,19.342882,-17.593694,0.341977,NA,-8.29572,-0.741098,-23.0029,-7.31082,8.151324,NA,-11.148246,NA,-2.396112,-39.440232,-8.566806,-0.300405,7.651474,NA,-4.384652,-1.665588,G,H,NA,G,K
-25.058153,-7.338365,1.597154,12.151154,NA,NA,23.185303,3.751106,6.357028,5.208797,NA,16.414908,-9.174253,6.032316,NA,NA,12.626797,-6.381474,17.465952,-9.34095,-34.802558,-47.222676,NA,-12.089321,-3.187266,-3.906716,0.230266,-7.734716,-1.954882,NA,-10.179459,-11.100611,-7.078624,NA,-22.039817,0.447848,-2.986075,NA,0.004565,NA,NA,NA,NA,25.665374,NA,-2.835154,-6.480781,3.211161,-11.994212,15.793087,15.794171,NA,-1.764788,-11.092367,NA,17.689351,7.09306,-16.211398,-1.060849,-7.129849,-4.411321,-9.467247,NA,8.827008,-8.454125,-20.465497,-6.527907,-26.542214,16.436025,3.682556,NA,NA,3.711471,-11.661695,-8.273536,-12.658118,NA,-8.461342,3.481542,-1.892954,-5.416758,-0.717024,-20.960475,-1.001269,NA,-5.779197,-6.12049,NA,0.672467,-33.04492,-5.693242,6.465018,11.647115,-4.830073,-2.378979,-3.120303,G,I,I,H,NA
23.744781,-9.976953,3.272662,12.361856,-20.087239,-17.790472,NA,2.712534,3.174076,0.636277,-0.526124,NA,-5.074221,1.336133,-1.151317,-10.91738,14.551381,-6.51959,NA,-3.710521,-28.258067,-50.390621,7.751565,-7.967918,NA,-10.590535,NA,-6.221233,-3.608249,NA,-7.424544,-17.890084,NA,-15.966293,-21.879635,-3.323951,-6.859614,-3.660081,-0.884106,6.091505,-0.778092,NA,6.115888,17.613779,-17.168826,-2.91461,-7.513711,2.434104,NA,15.239917,18.491456,-12.146287,0.822436,-9.3343139999999991,2.888119,NA,4.721219,-14.785426,-0.042804,-10.962546,NA,-5.816792,-12.587696,11.499322,-8.938493,NA,-11.471295,-20.846265,9.397396,6.10416,1.993039,NA,2.307917,-15.676676,NA,-6.422205,27.978281,-9.461629,5.667887,NA,NA,3.300516,NA,NA,13.836708,NA,-3.49493,4.178362,3.923402,-32.305632,-9.726968,NA,10.703328,-13.845458,1.062633,1.839632,J,NA,I,H,J
